Year,Quarter,Level,Province,District,Metric,Value
2025,Q3,Province,Cidade de Maputo,nan,Agências(1),209.0
2025,Q3,Province,Cidade de Maputo,nan,Agências Microbancos e Cooperativas de Crédito,13.0
2025,Q3,Province,Cidade de Maputo,nan,Agentes Bancários (2),35.0
2025,Q3,Province,Cidade de Maputo,nan,Agentes Não Bancários (IME) (3),62426.0
2025,Q3,Province,Cidade de Maputo,nan,Operadores de Microcrédito,1590.0
2025,Q3,Province,Cidade de Maputo,nan,Instituições Seguradoras,51.0
2025,Q3,Province,Cidade de Maputo,nan,ATM,397.0
2025,Q3,Province,Cidade de Maputo,nan,POS,13298.0
2025,Q3,Province,Cidade de Maputo,nan,TOTAL,78019.0
2025,Q3,District,Cidade de Maputo,Província de Maputo,Agências(1),68.0
2025,Q3,District,Cidade de Maputo,Província de Maputo,Agências Microbancos e Cooperativas de Crédito,18.0
2025,Q3,District,Cidade de Maputo,Província de Maputo,Agentes Bancários (2),39.0
2025,Q3,District,Cidade de Maputo,Província de Maputo,Agentes Não Bancários (IME) (3),58155.0
2025,Q3,District,Cidade de Maputo,Província de Maputo,Operadores de Microcrédito,722.0
2025,Q3,District,Cidade de Maputo,Província de Maputo,Instituições Seguradoras,74.0
2025,Q3,District,Cidade de Maputo,Província de Maputo,ATM,173.0
2025,Q3,District,Cidade de Maputo,Província de Maputo,POS,5750.0
2025,Q3,District,Cidade de Maputo,Província de Maputo,TOTAL,64999.0
2025,Q3,District,Cidade de Maputo,Matola,Agências(1),44.0
2025,Q3,District,Cidade de Maputo,Matola,Agências Microbancos e Cooperativas de Crédito,5.0
2025,Q3,District,Cidade de Maputo,Matola,Agentes Bancários (2),16.0
2025,Q3,District,Cidade de Maputo,Matola,Agentes Não Bancários (IME) (3),34265.0
2025,Q3,District,Cidade de Maputo,Matola,Operadores de Microcrédito,533.0
2025,Q3,District,Cidade de Maputo,Matola,Instituições Seguradoras,62.0
2025,Q3,District,Cidade de Maputo,Matola,ATM,123.0
2025,Q3,District,Cidade de Maputo,Matola,POS,3789.0
2025,Q3,District,Cidade de Maputo,Matola,TOTAL,38837.0
2025,Q3,District,Cidade de Maputo,Boane,Agências(1),6.0
2025,Q3,District,Cidade de Maputo,Boane,Agências Microbancos e Cooperativas de Crédito,3.0
2025,Q3,District,Cidade de Maputo,Boane,Agentes Bancários (2),5.0
2025,Q3,District,Cidade de Maputo,Boane,Agentes Não Bancários (IME) (3),6180.0
2025,Q3,District,Cidade de Maputo,Boane,Operadores de Microcrédito,77.0
2025,Q3,District,Cidade de Maputo,Boane,Instituições Seguradoras,10.0
2025,Q3,District,Cidade de Maputo,Boane,ATM,14.0
2025,Q3,District,Cidade de Maputo,Boane,POS,657.0
2025,Q3,District,Cidade de Maputo,Boane,TOTAL,6952.0
2025,Q3,District,Cidade de Maputo,Magude,Agências(1),5.0
2025,Q3,District,Cidade de Maputo,Magude,Agências Microbancos e Cooperativas de Crédito,3.0
2025,Q3,District,Cidade de Maputo,Magude,Agentes Bancários (2),1.0
2025,Q3,District,Cidade de Maputo,Magude,Agentes Não Bancários (IME) (3),854.0
2025,Q3,District,Cidade de Maputo,Magude,Operadores de Microcrédito,2.0
2025,Q3,District,Cidade de Maputo,Magude,Instituições Seguradoras,0.0
2025,Q3,District,Cidade de Maputo,Magude,ATM,2.0
2025,Q3,District,Cidade de Maputo,Magude,POS,29.0
2025,Q3,District,Cidade de Maputo,Magude,TOTAL,896.0
2025,Q3,District,Cidade de Maputo,Manhiça,Agências(1),1.0
2025,Q3,District,Cidade de Maputo,Manhiça,Agências Microbancos e Cooperativas de Crédito,1.0
2025,Q3,District,Cidade de Maputo,Manhiça,Agentes Bancários (2),7.0
2025,Q3,District,Cidade de Maputo,Manhiça,Agentes Não Bancários (IME) (3),3419.0
2025,Q3,District,Cidade de Maputo,Manhiça,Operadores de Microcrédito,18.0
2025,Q3,District,Cidade de Maputo,Manhiça,Instituições Seguradoras,2.0
2025,Q3,District,Cidade de Maputo,Manhiça,ATM,11.0
2025,Q3,District,Cidade de Maputo,Manhiça,POS,155.0
2025,Q3,District,Cidade de Maputo,Manhiça,TOTAL,3614.0
2025,Q3,District,Cidade de Maputo,Marracuene,Agências(1),2.0
2025,Q3,District,Cidade de Maputo,Marracuene,Agências Microbancos e Cooperativas de Crédito,2.0
2025,Q3,District,Cidade de Maputo,Marracuene,Agentes Bancários (2),5.0
2025,Q3,District,Cidade de Maputo,Marracuene,Agentes Não Bancários (IME) (3),9748.0
2025,Q3,District,Cidade de Maputo,Marracuene,Operadores de Microcrédito,82.0
2025,Q3,District,Cidade de Maputo,Marracuene,Instituições Seguradoras,0.0
2025,Q3,District,Cidade de Maputo,Marracuene,ATM,8.0
2025,Q3,District,Cidade de Maputo,Marracuene,POS,681.0
2025,Q3,District,Cidade de Maputo,Marracuene,TOTAL,10528.0
2025,Q3,District,Cidade de Maputo,Matutuíne,Agências(1),3.0
2025,Q3,District,Cidade de Maputo,Matutuíne,Agências Microbancos e Cooperativas de Crédito,1.0
2025,Q3,District,Cidade de Maputo,Matutuíne,Agentes Bancários (2),1.0
2025,Q3,District,Cidade de Maputo,Matutuíne,Agentes Não Bancários (IME) (3),852.0
2025,Q3,District,Cidade de Maputo,Matutuíne,Operadores de Microcrédito,5.0
2025,Q3,District,Cidade de Maputo,Matutuíne,Instituições Seguradoras,0.0
2025,Q3,District,Cidade de Maputo,Matutuíne,ATM,3.0
2025,Q3,District,Cidade de Maputo,Matutuíne,POS,311.0
2025,Q3,District,Cidade de Maputo,Matutuíne,TOTAL,1176.0
2025,Q3,District,Cidade de Maputo,Namaacha,Agências(1),1.0
2025,Q3,District,Cidade de Maputo,Namaacha,Agências Microbancos e Cooperativas de Crédito,1.0
2025,Q3,District,Cidade de Maputo,Namaacha,Agentes Bancários (2),1.0
2025,Q3,District,Cidade de Maputo,Namaacha,Agentes Não Bancários (IME) (3),644.0
2025,Q3,District,Cidade de Maputo,Namaacha,Operadores de Microcrédito,2.0
2025,Q3,District,Cidade de Maputo,Namaacha,Instituições Seguradoras,0.0
2025,Q3,District,Cidade de Maputo,Namaacha,ATM,2.0
2025,Q3,District,Cidade de Maputo,Namaacha,POS,37.0
2025,Q3,District,Cidade de Maputo,Namaacha,TOTAL,688.0
2025,Q3,District,Cidade de Maputo,Moamba,Agências(1),6.0
2025,Q3,District,Cidade de Maputo,Moamba,Agências Microbancos e Cooperativas de Crédito,2.0
2025,Q3,District,Cidade de Maputo,Moamba,Agentes Bancários (2),3.0
2025,Q3,District,Cidade de Maputo,Moamba,Agentes Não Bancários (IME) (3),2193.0
2025,Q3,District,Cidade de Maputo,Moamba,Operadores de Microcrédito,3.0
2025,Q3,District,Cidade de Maputo,Moamba,Instituições Seguradoras,0.0
2025,Q3,District,Cidade de Maputo,Moamba,ATM,10.0
2025,Q3,District,Cidade de Maputo,Moamba,POS,91.0
2025,Q3,District,Cidade de Maputo,Moamba,TOTAL,2308.0
2025,Q3,District,Cidade de Maputo,Gaza,Agências(1),35.0
2025,Q3,District,Cidade de Maputo,Gaza,Agências Microbancos e Cooperativas de Crédito,5.0
2025,Q3,District,Cidade de Maputo,Gaza,Agentes Bancários (2),28.0
2025,Q3,District,Cidade de Maputo,Gaza,Agentes Não Bancários (IME) (3),23396.0
2025,Q3,District,Cidade de Maputo,Gaza,Operadores de Microcrédito,83.0
2025,Q3,District,Cidade de Maputo,Gaza,Instituições Seguradoras,9.0
2025,Q3,District,Cidade de Maputo,Gaza,ATM,70.0
2025,Q3,District,Cidade de Maputo,Gaza,POS,1301.0
2025,Q3,District,Cidade de Maputo,Gaza,TOTAL,24927.0
2025,Q3,District,Cidade de Maputo,Xai-Xai,Agências(1),14.0
2025,Q3,District,Cidade de Maputo,Xai-Xai,Agências Microbancos e Cooperativas de Crédito,4.0
2025,Q3,District,Cidade de Maputo,Xai-Xai,Agentes Bancários (2),12.0
2025,Q3,District,Cidade de Maputo,Xai-Xai,Agentes Não Bancários (IME) (3),6758.0
2025,Q3,District,Cidade de Maputo,Xai-Xai,Operadores de Microcrédito,47.0
2025,Q3,District,Cidade de Maputo,Xai-Xai,Instituições Seguradoras,4.0
2025,Q3,District,Cidade de Maputo,Xai-Xai,ATM,31.0
2025,Q3,District,Cidade de Maputo,Xai-Xai,POS,689.0
2025,Q3,District,Cidade de Maputo,Xai-Xai,TOTAL,7559.0
2025,Q3,District,Cidade de Maputo,Bilene,Agências(1),5.0
2025,Q3,District,Cidade de Maputo,Bilene,Agências Microbancos e Cooperativas de Crédito,0.0
2025,Q3,District,Cidade de Maputo,Bilene,Agentes Bancários (2),2.0
2025,Q3,District,Cidade de Maputo,Bilene,Agentes Não Bancários (IME) (3),3260.0
2025,Q3,District,Cidade de Maputo,Bilene,Operadores de Microcrédito,11.0
2025,Q3,District,Cidade de Maputo,Bilene,Instituições Seguradoras,0.0
2025,Q3,District,Cidade de Maputo,Bilene,ATM,10.0
2025,Q3,District,Cidade de Maputo,Bilene,POS,240.0
2025,Q3,District,Cidade de Maputo,Bilene,TOTAL,3528.0
2025,Q3,District,Cidade de Maputo,Chibuto,Agências(1),2.0
2025,Q3,District,Cidade de Maputo,Chibuto,Agências Microbancos e Cooperativas de Crédito,0.0
2025,Q3,District,Cidade de Maputo,Chibuto,Agentes Bancários (2),1.0
2025,Q3,District,Cidade de Maputo,Chibuto,Agentes Não Bancários (IME) (3),2747.0
2025,Q3,District,Cidade de Maputo,Chibuto,Operadores de Microcrédito,4.0
2025,Q3,District,Cidade de Maputo,Chibuto,Instituições Seguradoras,0.0
2025,Q3,District,Cidade de Maputo,Chibuto,ATM,4.0
2025,Q3,District,Cidade de Maputo,Chibuto,POS,71.0
2025,Q3,District,Cidade de Maputo,Chibuto,TOTAL,2829.0
2025,Q3,District,Cidade de Maputo,Chicualacuala,Agências(1),1.0
2025,Q3,District,Cidade de Maputo,Chicualacuala,Agências Microbancos e Cooperativas de Crédito,0.0
2025,Q3,District,Cidade de Maputo,Chicualacuala,Agentes Bancários (2),1.0
2025,Q3,District,Cidade de Maputo,Chicualacuala,Agentes Não Bancários (IME) (3),393.0
2025,Q3,District,Cidade de Maputo,Chicualacuala,Operadores de Microcrédito,4.0
2025,Q3,District,Cidade de Maputo,Chicualacuala,Instituições Seguradoras,0.0
2025,Q3,District,Cidade de Maputo,Chicualacuala,ATM,2.0
2025,Q3,District,Cidade de Maputo,Chicualacuala,POS,2.0
2025,Q3,District,Cidade de Maputo,Chicualacuala,TOTAL,403.0
2025,Q3,District,Cidade de Maputo,Chigubo,Agências(1),1.0
2025,Q3,District,Cidade de Maputo,Chigubo,Agências Microbancos e Cooperativas de Crédito,0.0
2025,Q3,District,Cidade de Maputo,Chigubo,Agentes Bancários (2),1.0
2025,Q3,District,Cidade de Maputo,Chigubo,Agentes Não Bancários (IME) (3),118.0
2025,Q3,District,Cidade de Maputo,Chigubo,Operadores de Microcrédito,0.0
2025,Q3,District,Cidade de Maputo,Chigubo,Instituições Seguradoras,0.0
2025,Q3,District,Cidade de Maputo,Chigubo,ATM,1.0
2025,Q3,District,Cidade de Maputo,Chigubo,POS,2.0
2025,Q3,District,Cidade de Maputo,Chigubo,TOTAL,123.0
2025,Q3,District,Cidade de Maputo,Chókwè,Agências(1),6.0
2025,Q3,District,Cidade de Maputo,Chókwè,Agências Microbancos e Cooperativas de Crédito,1.0
2025,Q3,District,Cidade de Maputo,Chókwè,Agentes Bancários (2),1.0
2025,Q3,District,Cidade de Maputo,Chókwè,Agentes Não Bancários (IME) (3),3209.0
2025,Q3,District,Cidade de Maputo,Chókwè,Operadores de Microcrédito,6.0
2025,Q3,District,Cidade de Maputo,Chókwè,Instituições Seguradoras,2.0
2025,Q3,District,Cidade de Maputo,Chókwè,ATM,12.0
2025,Q3,District,Cidade de Maputo,Chókwè,POS,135.0
2025,Q3,District,Cidade de Maputo,Chókwè,TOTAL,3372.0
2025,Q3,District,Cidade de Maputo,Guijá,Agências(1),1.0
2025,Q3,District,Cidade de Maputo,Guijá,Agências Microbancos e Cooperativas de Crédito,0.0
2025,Q3,District,Cidade de Maputo,Guijá,Agentes Bancários (2),1.0
2025,Q3,District,Cidade de Maputo,Guijá,Agentes Não Bancários (IME) (3),500.0
2025,Q3,District,Cidade de Maputo,Guijá,Operadores de Microcrédito,0.0
2025,Q3,District,Cidade de Maputo,Guijá,Instituições Seguradoras,1.0
2025,Q3,District,Cidade de Maputo,Guijá,ATM,1.0
2025,Q3,District,Cidade de Maputo,Guijá,POS,11.0
2025,Q3,District,Cidade de Maputo,Guijá,TOTAL,515.0
2025,Q3,District,Cidade de Maputo,Mabalane,Agências(1),1.0
2025,Q3,District,Cidade de Maputo,Mabalane,Agências Microbancos e Cooperativas de Crédito,0.0
2025,Q3,District,Cidade de Maputo,Mabalane,Agentes Bancários (2),1.0
2025,Q3,District,Cidade de Maputo,Mabalane,Agentes Não Bancários (IME) (3),405.0
2025,Q3,District,Cidade de Maputo,Mabalane,Operadores de Microcrédito,0.0
2025,Q3,District,Cidade de Maputo,Mabalane,Instituições Seguradoras,0.0
2025,Q3,District,Cidade de Maputo,Mabalane,ATM,2.0
2025,Q3,District,Cidade de Maputo,Mabalane,POS,7.0
2025,Q3,District,Cidade de Maputo,Mabalane,TOTAL,416.0
2025,Q3,District,Cidade de Maputo,Manjacaze,Agências(1),2.0
2025,Q3,District,Cidade de Maputo,Manjacaze,Agências Microbancos e Cooperativas de Crédito,0.0
2025,Q3,District,Cidade de Maputo,Manjacaze,Agentes Bancários (2),2.0
2025,Q3,District,Cidade de Maputo,Manjacaze,Agentes Não Bancários (IME) (3),1687.0
2025,Q3,District,Cidade de Maputo,Manjacaze,Operadores de Microcrédito,2.0
2025,Q3,District,Cidade de Maputo,Manjacaze,Instituições Seguradoras,0.0
2025,Q3,District,Cidade de Maputo,Manjacaze,ATM,4.0
2025,Q3,District,Cidade de Maputo,Manjacaze,POS,85.0
2025,Q3,District,Cidade de Maputo,Manjacaze,TOTAL,1782.0
2025,Q3,District,Cidade de Maputo,Massangena,Agências(1),0.0
2025,Q3,District,Cidade de Maputo,Massangena,Agências Microbancos e Cooperativas de Crédito,0.0
2025,Q3,District,Cidade de Maputo,Massangena,Agentes Bancários (2),1.0
2025,Q3,District,Cidade de Maputo,Massangena,Agentes Não Bancários (IME) (3),190.0
2025,Q3,District,Cidade de Maputo,Massangena,Operadores de Microcrédito,0.0
2025,Q3,District,Cidade de Maputo,Massangena,Instituições Seguradoras,0.0
2025,Q3,District,Cidade de Maputo,Massangena,ATM,0.0
2025,Q3,District,Cidade de Maputo,Massangena,POS,4.0
2025,Q3,District,Cidade de Maputo,Massangena,TOTAL,195.0
2025,Q3,District,Cidade de Maputo,Massingir,Agências(1),1.0
2025,Q3,District,Cidade de Maputo,Massingir,Agências Microbancos e Cooperativas de Crédito,0.0
2025,Q3,District,Cidade de Maputo,Massingir,Agentes Bancários (2),1.0
2025,Q3,District,Cidade de Maputo,Massingir,Agentes Não Bancários (IME) (3),324.0
2025,Q3,District,Cidade de Maputo,Massingir,Operadores de Microcrédito,2.0
2025,Q3,District,Cidade de Maputo,Massingir,Instituições Seguradoras,2.0
2025,Q3,District,Cidade de Maputo,Massingir,ATM,2.0
2025,Q3,District,Cidade de Maputo,Massingir,POS,15.0
2025,Q3,District,Cidade de Maputo,Massingir,TOTAL,347.0
2025,Q3,District,Cidade de Maputo,Chonguene,Agências(1),0.0
2025,Q3,District,Cidade de Maputo,Chonguene,Agências Microbancos e Cooperativas de Crédito,0.0
2025,Q3,District,Cidade de Maputo,Chonguene,Agentes Bancários (2),1.0
2025,Q3,District,Cidade de Maputo,Chonguene,Agentes Não Bancários (IME) (3),1715.0
2025,Q3,District,Cidade de Maputo,Chonguene,Operadores de Microcrédito,7.0
2025,Q3,District,Cidade de Maputo,Chonguene,Instituições Seguradoras,0.0
2025,Q3,District,Cidade de Maputo,Chonguene,ATM,0.0
2025,Q3,District,Cidade de Maputo,Chonguene,POS,34.0
2025,Q3,District,Cidade de Maputo,Chonguene,TOTAL,1757.0
2025,Q3,District,Cidade de Maputo,Limpopo,Agências(1),1.0
2025,Q3,District,Cidade de Maputo,Limpopo,Agências Microbancos e Cooperativas de Crédito,0.0
2025,Q3,District,Cidade de Maputo,Limpopo,Agentes Bancários (2),1.0
2025,Q3,District,Cidade de Maputo,Limpopo,Agentes Não Bancários (IME) (3),548.0
2025,Q3,District,Cidade de Maputo,Limpopo,Operadores de Microcrédito,0.0
2025,Q3,District,Cidade de Maputo,Limpopo,Instituições Seguradoras,0.0
2025,Q3,District,Cidade de Maputo,Limpopo,ATM,1.0
2025,Q3,District,Cidade de Maputo,Limpopo,POS,6.0
2025,Q3,District,Cidade de Maputo,Limpopo,TOTAL,557.0
2025,Q3,District,Cidade de Maputo,Mapai,Agências(1),0.0
2025,Q3,District,Cidade de Maputo,Mapai,Agências Microbancos e Cooperativas de Crédito,0.0
2025,Q3,District,Cidade de Maputo,Mapai,Agentes Bancários (2),2.0
2025,Q3,District,Cidade de Maputo,Mapai,Agentes Não Bancários (IME) (3),1542.0
2025,Q3,District,Cidade de Maputo,Mapai,Operadores de Microcrédito,0.0
2025,Q3,District,Cidade de Maputo,Mapai,Instituições Seguradoras,0.0
2025,Q3,District,Cidade de Maputo,Mapai,ATM,0.0
2025,Q3,District,Cidade de Maputo,Mapai,POS,0.0
2025,Q3,District,Cidade de Maputo,Mapai,TOTAL,1544.0
2025,Q3,District,Cidade de Maputo,Inhambane,Agências(1),36.0
2025,Q3,District,Cidade de Maputo,Inhambane,Agências Microbancos e Cooperativas de Crédito,5.0
2025,Q3,District,Cidade de Maputo,Inhambane,Agentes Bancários (2),28.0
2025,Q3,District,Cidade de Maputo,Inhambane,Agentes Não Bancários (IME) (3),25602.0
2025,Q3,District,Cidade de Maputo,Inhambane,Operadores de Microcrédito,101.0
2025,Q3,District,Cidade de Maputo,Inhambane,Instituições Seguradoras,21.0
2025,Q3,District,Cidade de Maputo,Inhambane,ATM,75.0
2025,Q3,District,Cidade de Maputo,Inhambane,POS,1766.0
2025,Q3,District,Cidade de Maputo,Inhambane,TOTAL,27634.0
2025,Q3,District,Cidade de Maputo,Inhambane,Agências(1),6.0
2025,Q3,District,Cidade de Maputo,Inhambane,Agências Microbancos e Cooperativas de Crédito,1.0
2025,Q3,District,Cidade de Maputo,Inhambane,Agentes Bancários (2),4.0
2025,Q3,District,Cidade de Maputo,Inhambane,Agentes Não Bancários (IME) (3),2812.0
2025,Q3,District,Cidade de Maputo,Inhambane,Operadores de Microcrédito,38.0
2025,Q3,District,Cidade de Maputo,Inhambane,Instituições Seguradoras,8.0
2025,Q3,District,Cidade de Maputo,Inhambane,ATM,17.0
2025,Q3,District,Cidade de Maputo,Inhambane,POS,631.0
2025,Q3,District,Cidade de Maputo,Inhambane,TOTAL,3517.0
2025,Q3,District,Cidade de Maputo,Maxixe,Agências(1),9.0
2025,Q3,District,Cidade de Maputo,Maxixe,Agências Microbancos e Cooperativas de Crédito,2.0
2025,Q3,District,Cidade de Maputo,Maxixe,Agentes Bancários (2),6.0
2025,Q3,District,Cidade de Maputo,Maxixe,Agentes Não Bancários (IME) (3),4391.0
2025,Q3,District,Cidade de Maputo,Maxixe,Operadores de Microcrédito,23.0
2025,Q3,District,Cidade de Maputo,Maxixe,Instituições Seguradoras,4.0
2025,Q3,District,Cidade de Maputo,Maxixe,ATM,16.0
2025,Q3,District,Cidade de Maputo,Maxixe,POS,366.0
2025,Q3,District,Cidade de Maputo,Maxixe,TOTAL,4817.0
2025,Q3,District,Cidade de Maputo,Funhaloro,Agências(1),1.0
2025,Q3,District,Cidade de Maputo,Funhaloro,Agências Microbancos e Cooperativas de Crédito,0.0
2025,Q3,District,Cidade de Maputo,Funhaloro,Agentes Bancários (2),1.0
2025,Q3,District,Cidade de Maputo,Funhaloro,Agentes Não Bancários (IME) (3),522.0
2025,Q3,District,Cidade de Maputo,Funhaloro,Operadores de Microcrédito,0.0
2025,Q3,District,Cidade de Maputo,Funhaloro,Instituições Seguradoras,0.0
2025,Q3,District,Cidade de Maputo,Funhaloro,ATM,2.0
2025,Q3,District,Cidade de Maputo,Funhaloro,POS,16.0
2025,Q3,District,Cidade de Maputo,Funhaloro,TOTAL,542.0
2025,Q3,District,Cidade de Maputo,Govuro,Agências(1),1.0
2025,Q3,District,Cidade de Maputo,Govuro,Agências Microbancos e Cooperativas de Crédito,0.0
2025,Q3,District,Cidade de Maputo,Govuro,Agentes Bancários (2),1.0
2025,Q3,District,Cidade de Maputo,Govuro,Agentes Não Bancários (IME) (3),714.0
2025,Q3,District,Cidade de Maputo,Govuro,Operadores de Microcrédito,0.0
2025,Q3,District,Cidade de Maputo,Govuro,Instituições Seguradoras,0.0
2025,Q3,District,Cidade de Maputo,Govuro,ATM,2.0
2025,Q3,District,Cidade de Maputo,Govuro,POS,14.0
2025,Q3,District,Cidade de Maputo,Govuro,TOTAL,732.0
2025,Q3,District,Cidade de Maputo,Homoine,Agências(1),1.0
2025,Q3,District,Cidade de Maputo,Homoine,Agências Microbancos e Cooperativas de Crédito,0.0
2025,Q3,District,Cidade de Maputo,Homoine,Agentes Bancários (2),1.0
2025,Q3,District,Cidade de Maputo,Homoine,Agentes Não Bancários (IME) (3),1473.0
2025,Q3,District,Cidade de Maputo,Homoine,Operadores de Microcrédito,1.0
2025,Q3,District,Cidade de Maputo,Homoine,Instituições Seguradoras,1.0
2025,Q3,District,Cidade de Maputo,Homoine,ATM,2.0
2025,Q3,District,Cidade de Maputo,Homoine,POS,17.0
2025,Q3,District,Cidade de Maputo,Homoine,TOTAL,1496.0
2025,Q3,District,Cidade de Maputo,Inharrime,Agências(1),2.0
2025,Q3,District,Cidade de Maputo,Inharrime,Agências Microbancos e Cooperativas de Crédito,0.0
2025,Q3,District,Cidade de Maputo,Inharrime,Agentes Bancários (2),1.0
2025,Q3,District,Cidade de Maputo,Inharrime,Agentes Não Bancários (IME) (3),1714.0
2025,Q3,District,Cidade de Maputo,Inharrime,Operadores de Microcrédito,4.0
2025,Q3,District,Cidade de Maputo,Inharrime,Instituições Seguradoras,1.0
2025,Q3,District,Cidade de Maputo,Inharrime,ATM,4.0
2025,Q3,District,Cidade de Maputo,Inharrime,POS,40.0
2025,Q3,District,Cidade de Maputo,Inharrime,TOTAL,1766.0
2025,Q3,District,Cidade de Maputo,Inhassoro,Agências(1),3.0
2025,Q3,District,Cidade de Maputo,Inhassoro,Agências Microbancos e Cooperativas de Crédito,0.0
2025,Q3,District,Cidade de Maputo,Inhassoro,Agentes Bancários (2),1.0
2025,Q3,District,Cidade de Maputo,Inhassoro,Agentes Não Bancários (IME) (3),1251.0
2025,Q3,District,Cidade de Maputo,Inhassoro,Operadores de Microcrédito,0.0
2025,Q3,District,Cidade de Maputo,Inhassoro,Instituições Seguradoras,1.0
2025,Q3,District,Cidade de Maputo,Inhassoro,ATM,5.0
2025,Q3,District,Cidade de Maputo,Inhassoro,POS,86.0
2025,Q3,District,Cidade de Maputo,Inhassoro,TOTAL,1347.0
2025,Q3,District,Cidade de Maputo,Jangamo,Agências(1),1.0
2025,Q3,District,Cidade de Maputo,Jangamo,Agências Microbancos e Cooperativas de Crédito,0.0
2025,Q3,District,Cidade de Maputo,Jangamo,Agentes Bancários (2),2.0
2025,Q3,District,Cidade de Maputo,Jangamo,Agentes Não Bancários (IME) (3),1656.0
2025,Q3,District,Cidade de Maputo,Jangamo,Operadores de Microcrédito,1.0
2025,Q3,District,Cidade de Maputo,Jangamo,Instituições Seguradoras,1.0
2025,Q3,District,Cidade de Maputo,Jangamo,ATM,2.0
2025,Q3,District,Cidade de Maputo,Jangamo,POS,38.0
2025,Q3,District,Cidade de Maputo,Jangamo,TOTAL,1701.0
2025,Q3,District,Cidade de Maputo,Mabote,Agências(1),1.0
2025,Q3,District,Cidade de Maputo,Mabote,Agências Microbancos e Cooperativas de Crédito,0.0
2025,Q3,District,Cidade de Maputo,Mabote,Agentes Bancários (2),2.0
2025,Q3,District,Cidade de Maputo,Mabote,Agentes Não Bancários (IME) (3),568.0
2025,Q3,District,Cidade de Maputo,Mabote,Operadores de Microcrédito,3.0
2025,Q3,District,Cidade de Maputo,Mabote,Instituições Seguradoras,0.0
2025,Q3,District,Cidade de Maputo,Mabote,ATM,2.0
2025,Q3,District,Cidade de Maputo,Mabote,POS,12.0
2025,Q3,District,Cidade de Maputo,Mabote,TOTAL,588.0
2025,Q3,District,Cidade de Maputo,Massinga,Agências(1),2.0
2025,Q3,District,Cidade de Maputo,Massinga,Agências Microbancos e Cooperativas de Crédito,1.0
2025,Q3,District,Cidade de Maputo,Massinga,Agentes Bancários (2),2.0
2025,Q3,District,Cidade de Maputo,Massinga,Agentes Não Bancários (IME) (3),3860.0
2025,Q3,District,Cidade de Maputo,Massinga,Operadores de Microcrédito,4.0
2025,Q3,District,Cidade de Maputo,Massinga,Instituições Seguradoras,1.0
2025,Q3,District,Cidade de Maputo,Massinga,ATM,6.0
2025,Q3,District,Cidade de Maputo,Massinga,POS,98.0
2025,Q3,District,Cidade de Maputo,Massinga,TOTAL,3974.0
2025,Q3,District,Cidade de Maputo,Morrumbene,Agências(1),2.0
2025,Q3,District,Cidade de Maputo,Morrumbene,Agências Microbancos e Cooperativas de Crédito,1.0
2025,Q3,District,Cidade de Maputo,Morrumbene,Agentes Bancários (2),2.0
2025,Q3,District,Cidade de Maputo,Morrumbene,Agentes Não Bancários (IME) (3),1368.0
2025,Q3,District,Cidade de Maputo,Morrumbene,Operadores de Microcrédito,1.0
2025,Q3,District,Cidade de Maputo,Morrumbene,Instituições Seguradoras,1.0
2025,Q3,District,Cidade de Maputo,Morrumbene,ATM,5.0
2025,Q3,District,Cidade de Maputo,Morrumbene,POS,53.0
2025,Q3,District,Cidade de Maputo,Morrumbene,TOTAL,1433.0
2025,Q3,District,Cidade de Maputo,Panda,Agências(1),1.0
2025,Q3,District,Cidade de Maputo,Panda,Agências Microbancos e Cooperativas de Crédito,0.0
2025,Q3,District,Cidade de Maputo,Panda,Agentes Bancários (2),1.0
2025,Q3,District,Cidade de Maputo,Panda,Agentes Não Bancários (IME) (3),516.0
2025,Q3,District,Cidade de Maputo,Panda,Operadores de Microcrédito,0.0
2025,Q3,District,Cidade de Maputo,Panda,Instituições Seguradoras,0.0
2025,Q3,District,Cidade de Maputo,Panda,ATM,1.0
2025,Q3,District,Cidade de Maputo,Panda,POS,11.0
2025,Q3,District,Cidade de Maputo,Panda,TOTAL,530.0
2025,Q3,District,Cidade de Maputo,Vilankulo,Agências(1),4.0
2025,Q3,District,Cidade de Maputo,Vilankulo,Agências Microbancos e Cooperativas de Crédito,0.0
2025,Q3,District,Cidade de Maputo,Vilankulo,Agentes Bancários (2),1.0
2025,Q3,District,Cidade de Maputo,Vilankulo,Agentes Não Bancários (IME) (3),2874.0
2025,Q3,District,Cidade de Maputo,Vilankulo,Operadores de Microcrédito,21.0
2025,Q3,District,Cidade de Maputo,Vilankulo,Instituições Seguradoras,2.0
2025,Q3,District,Cidade de Maputo,Vilankulo,ATM,7.0
2025,Q3,District,Cidade de Maputo,Vilankulo,POS,352.0
2025,Q3,District,Cidade de Maputo,Vilankulo,TOTAL,3261.0
2025,Q3,District,Cidade de Maputo,Zavala,Agências(1),2.0
2025,Q3,District,Cidade de Maputo,Zavala,Agências Microbancos e Cooperativas de Crédito,0.0
2025,Q3,District,Cidade de Maputo,Zavala,Agentes Bancários (2),3.0
2025,Q3,District,Cidade de Maputo,Zavala,Agentes Não Bancários (IME) (3),1883.0
2025,Q3,District,Cidade de Maputo,Zavala,Operadores de Microcrédito,5.0
2025,Q3,District,Cidade de Maputo,Zavala,Instituições Seguradoras,1.0
2025,Q3,District,Cidade de Maputo,Zavala,ATM,4.0
2025,Q3,District,Cidade de Maputo,Zavala,POS,32.0
2025,Q3,District,Cidade de Maputo,Zavala,TOTAL,1930.0
2025,Q3,District,Cidade de Maputo,Sofala,Agências(1),58.0
2025,Q3,District,Cidade de Maputo,Sofala,Agências Microbancos e Cooperativas de Crédito,4.0
2025,Q3,District,Cidade de Maputo,Sofala,Agentes Bancários (2),23.0
2025,Q3,District,Cidade de Maputo,Sofala,Agentes Não Bancários (IME) (3),47004.0
2025,Q3,District,Cidade de Maputo,Sofala,Operadores de Microcrédito,109.0
2025,Q3,District,Cidade de Maputo,Sofala,Instituições Seguradoras,27.0
2025,Q3,District,Cidade de Maputo,Sofala,ATM,111.0
2025,Q3,District,Cidade de Maputo,Sofala,POS,2569.0
2025,Q3,District,Cidade de Maputo,Sofala,TOTAL,49905.0
2025,Q3,District,Cidade de Maputo,Beira,Agências(1),40.0
2025,Q3,District,Cidade de Maputo,Beira,Agências Microbancos e Cooperativas de Crédito,3.0
2025,Q3,District,Cidade de Maputo,Beira,Agentes Bancários (2),20.0
2025,Q3,District,Cidade de Maputo,Beira,Agentes Não Bancários (IME) (3),26440.0
2025,Q3,District,Cidade de Maputo,Beira,Operadores de Microcrédito,92.0
2025,Q3,District,Cidade de Maputo,Beira,Instituições Seguradoras,26.0
2025,Q3,District,Cidade de Maputo,Beira,ATM,77.0
2025,Q3,District,Cidade de Maputo,Beira,POS,2348.0
2025,Q3,District,Cidade de Maputo,Beira,TOTAL,29046.0
2025,Q3,District,Cidade de Maputo,Buzi,Agências(1),1.0
2025,Q3,District,Cidade de Maputo,Buzi,Agências Microbancos e Cooperativas de Crédito,0.0
2025,Q3,District,Cidade de Maputo,Buzi,Agentes Bancários (2),0.0
2025,Q3,District,Cidade de Maputo,Buzi,Agentes Não Bancários (IME) (3),1850.0
2025,Q3,District,Cidade de Maputo,Buzi,Operadores de Microcrédito,2.0
2025,Q3,District,Cidade de Maputo,Buzi,Instituições Seguradoras,0.0
2025,Q3,District,Cidade de Maputo,Buzi,ATM,2.0
2025,Q3,District,Cidade de Maputo,Buzi,POS,7.0
2025,Q3,District,Cidade de Maputo,Buzi,TOTAL,1862.0
2025,Q3,District,Cidade de Maputo,Caia,Agências(1),1.0
2025,Q3,District,Cidade de Maputo,Caia,Agências Microbancos e Cooperativas de Crédito,1.0
2025,Q3,District,Cidade de Maputo,Caia,Agentes Bancários (2),1.0
2025,Q3,District,Cidade de Maputo,Caia,Agentes Não Bancários (IME) (3),2267.0
2025,Q3,District,Cidade de Maputo,Caia,Operadores de Microcrédito,2.0
2025,Q3,District,Cidade de Maputo,Caia,Instituições Seguradoras,0.0
2025,Q3,District,Cidade de Maputo,Caia,ATM,3.0
2025,Q3,District,Cidade de Maputo,Caia,POS,17.0
2025,Q3,District,Cidade de Maputo,Caia,TOTAL,2292.0
2025,Q3,District,Cidade de Maputo,Chemba,Agências(1),1.0
2025,Q3,District,Cidade de Maputo,Chemba,Agências Microbancos e Cooperativas de Crédito,0.0
2025,Q3,District,Cidade de Maputo,Chemba,Agentes Bancários (2),0.0
2025,Q3,District,Cidade de Maputo,Chemba,Agentes Não Bancários (IME) (3),733.0
2025,Q3,District,Cidade de Maputo,Chemba,Operadores de Microcrédito,1.0
2025,Q3,District,Cidade de Maputo,Chemba,Instituições Seguradoras,0.0
2025,Q3,District,Cidade de Maputo,Chemba,ATM,2.0
2025,Q3,District,Cidade de Maputo,Chemba,POS,2.0
2025,Q3,District,Cidade de Maputo,Chemba,TOTAL,739.0
2025,Q3,District,Cidade de Maputo,Cheringoma,Agências(1),1.0
2025,Q3,District,Cidade de Maputo,Cheringoma,Agências Microbancos e Cooperativas de Crédito,0.0
2025,Q3,District,Cidade de Maputo,Cheringoma,Agentes Bancários (2),0.0
2025,Q3,District,Cidade de Maputo,Cheringoma,Agentes Não Bancários (IME) (3),678.0
2025,Q3,District,Cidade de Maputo,Cheringoma,Operadores de Microcrédito,0.0
2025,Q3,District,Cidade de Maputo,Cheringoma,Instituições Seguradoras,0.0
2025,Q3,District,Cidade de Maputo,Cheringoma,ATM,2.0
2025,Q3,District,Cidade de Maputo,Cheringoma,POS,10.0
2025,Q3,District,Cidade de Maputo,Cheringoma,TOTAL,691.0
2025,Q3,District,Cidade de Maputo,Chibabava,Agências(1),2.0
2025,Q3,District,Cidade de Maputo,Chibabava,Agências Microbancos e Cooperativas de Crédito,0.0
2025,Q3,District,Cidade de Maputo,Chibabava,Agentes Bancários (2),0.0
2025,Q3,District,Cidade de Maputo,Chibabava,Agentes Não Bancários (IME) (3),1157.0
2025,Q3,District,Cidade de Maputo,Chibabava,Operadores de Microcrédito,2.0
2025,Q3,District,Cidade de Maputo,Chibabava,Instituições Seguradoras,0.0
2025,Q3,District,Cidade de Maputo,Chibabava,ATM,2.0
2025,Q3,District,Cidade de Maputo,Chibabava,POS,14.0
2025,Q3,District,Cidade de Maputo,Chibabava,TOTAL,1177.0
2025,Q3,District,Cidade de Maputo,Dondo,Agências(1),5.0
2025,Q3,District,Cidade de Maputo,Dondo,Agências Microbancos e Cooperativas de Crédito,0.0
2025,Q3,District,Cidade de Maputo,Dondo,Agentes Bancários (2),0.0
2025,Q3,District,Cidade de Maputo,Dondo,Agentes Não Bancários (IME) (3),5459.0
2025,Q3,District,Cidade de Maputo,Dondo,Operadores de Microcrédito,3.0
2025,Q3,District,Cidade de Maputo,Dondo,Instituições Seguradoras,1.0
2025,Q3,District,Cidade de Maputo,Dondo,ATM,11.0
2025,Q3,District,Cidade de Maputo,Dondo,POS,77.0
2025,Q3,District,Cidade de Maputo,Dondo,TOTAL,5556.0
2025,Q3,District,Cidade de Maputo,Gorongoza,Agências(1),1.0
2025,Q3,District,Cidade de Maputo,Gorongoza,Agências Microbancos e Cooperativas de Crédito,0.0
2025,Q3,District,Cidade de Maputo,Gorongoza,Agentes Bancários (2),1.0
2025,Q3,District,Cidade de Maputo,Gorongoza,Agentes Não Bancários (IME) (3),1714.0
2025,Q3,District,Cidade de Maputo,Gorongoza,Operadores de Microcrédito,1.0
2025,Q3,District,Cidade de Maputo,Gorongoza,Instituições Seguradoras,0.0
2025,Q3,District,Cidade de Maputo,Gorongoza,ATM,2.0
2025,Q3,District,Cidade de Maputo,Gorongoza,POS,23.0
2025,Q3,District,Cidade de Maputo,Gorongoza,TOTAL,1742.0
2025,Q3,District,Cidade de Maputo,Machanga,Agências(1),1.0
2025,Q3,District,Cidade de Maputo,Machanga,Agências Microbancos e Cooperativas de Crédito,0.0
2025,Q3,District,Cidade de Maputo,Machanga,Agentes Bancários (2),0.0
2025,Q3,District,Cidade de Maputo,Machanga,Agentes Não Bancários (IME) (3),487.0
2025,Q3,District,Cidade de Maputo,Machanga,Operadores de Microcrédito,0.0
2025,Q3,District,Cidade de Maputo,Machanga,Instituições Seguradoras,0.0
2025,Q3,District,Cidade de Maputo,Machanga,ATM,1.0
2025,Q3,District,Cidade de Maputo,Machanga,POS,5.0
2025,Q3,District,Cidade de Maputo,Machanga,TOTAL,494.0
2025,Q3,District,Cidade de Maputo,Maringue,Agências(1),1.0
2025,Q3,District,Cidade de Maputo,Maringue,Agências Microbancos e Cooperativas de Crédito,0.0
2025,Q3,District,Cidade de Maputo,Maringue,Agentes Bancários (2),1.0
2025,Q3,District,Cidade de Maputo,Maringue,Agentes Não Bancários (IME) (3),1096.0
2025,Q3,District,Cidade de Maputo,Maringue,Operadores de Microcrédito,1.0
2025,Q3,District,Cidade de Maputo,Maringue,Instituições Seguradoras,0.0
2025,Q3,District,Cidade de Maputo,Maringue,ATM,1.0
2025,Q3,District,Cidade de Maputo,Maringue,POS,2.0
2025,Q3,District,Cidade de Maputo,Maringue,TOTAL,1102.0
2025,Q3,District,Cidade de Maputo,Marromeu,Agências(1),1.0
2025,Q3,District,Cidade de Maputo,Marromeu,Agências Microbancos e Cooperativas de Crédito,0.0
2025,Q3,District,Cidade de Maputo,Marromeu,Agentes Bancários (2),0.0
2025,Q3,District,Cidade de Maputo,Marromeu,Agentes Não Bancários (IME) (3),1385.0
2025,Q3,District,Cidade de Maputo,Marromeu,Operadores de Microcrédito,1.0
2025,Q3,District,Cidade de Maputo,Marromeu,Instituições Seguradoras,0.0
2025,Q3,District,Cidade de Maputo,Marromeu,ATM,2.0
2025,Q3,District,Cidade de Maputo,Marromeu,POS,27.0
2025,Q3,District,Cidade de Maputo,Marromeu,TOTAL,1416.0
2025,Q3,District,Cidade de Maputo,Muanza,Agências(1),2.0
2025,Q3,District,Cidade de Maputo,Muanza,Agências Microbancos e Cooperativas de Crédito,0.0
2025,Q3,District,Cidade de Maputo,Muanza,Agentes Bancários (2),0.0
2025,Q3,District,Cidade de Maputo,Muanza,Agentes Não Bancários (IME) (3),276.0
2025,Q3,District,Cidade de Maputo,Muanza,Operadores de Microcrédito,1.0
2025,Q3,District,Cidade de Maputo,Muanza,Instituições Seguradoras,0.0
2025,Q3,District,Cidade de Maputo,Muanza,ATM,2.0
2025,Q3,District,Cidade de Maputo,Muanza,POS,2.0
2025,Q3,District,Cidade de Maputo,Muanza,TOTAL,283.0
2025,Q3,District,Cidade de Maputo,Nhamatanda,Agências(1),1.0
2025,Q3,District,Cidade de Maputo,Nhamatanda,Agências Microbancos e Cooperativas de Crédito,0.0
2025,Q3,District,Cidade de Maputo,Nhamatanda,Agentes Bancários (2),0.0
2025,Q3,District,Cidade de Maputo,Nhamatanda,Agentes Não Bancários (IME) (3),3462.0
2025,Q3,District,Cidade de Maputo,Nhamatanda,Operadores de Microcrédito,3.0
2025,Q3,District,Cidade de Maputo,Nhamatanda,Instituições Seguradoras,0.0
2025,Q3,District,Cidade de Maputo,Nhamatanda,ATM,4.0
2025,Q3,District,Cidade de Maputo,Nhamatanda,POS,35.0
2025,Q3,District,Cidade de Maputo,Nhamatanda,TOTAL,3505.0
2025,Q3,District,Cidade de Maputo,Manica,Agências(1),26.0
2025,Q3,District,Cidade de Maputo,Manica,Agências Microbancos e Cooperativas de Crédito,7.0
2025,Q3,District,Cidade de Maputo,Manica,Agentes Bancários (2),30.0
2025,Q3,District,Cidade de Maputo,Manica,Agentes Não Bancários (IME) (3),29080.0
2025,Q3,District,Cidade de Maputo,Manica,Operadores de Microcrédito,79.0
2025,Q3,District,Cidade de Maputo,Manica,Instituições Seguradoras,25.0
2025,Q3,District,Cidade de Maputo,Manica,ATM,57.0
2025,Q3,District,Cidade de Maputo,Manica,POS,1177.0
2025,Q3,District,Cidade de Maputo,Manica,TOTAL,30481.0
2025,Q3,District,Cidade de Maputo,Chimoio,Agências(1),16.0
2025,Q3,District,Cidade de Maputo,Chimoio,Agências Microbancos e Cooperativas de Crédito,4.0
2025,Q3,District,Cidade de Maputo,Chimoio,Agentes Bancários (2),16.0
2025,Q3,District,Cidade de Maputo,Chimoio,Agentes Não Bancários (IME) (3),13513.0
2025,Q3,District,Cidade de Maputo,Chimoio,Operadores de Microcrédito,60.0
2025,Q3,District,Cidade de Maputo,Chimoio,Instituições Seguradoras,16.0
2025,Q3,District,Cidade de Maputo,Chimoio,ATM,33.0
2025,Q3,District,Cidade de Maputo,Chimoio,POS,881.0
2025,Q3,District,Cidade de Maputo,Chimoio,TOTAL,14539.0
2025,Q3,District,Cidade de Maputo,Bárue,Agências(1),1.0
2025,Q3,District,Cidade de Maputo,Bárue,Agências Microbancos e Cooperativas de Crédito,1.0
2025,Q3,District,Cidade de Maputo,Bárue,Agentes Bancários (2),1.0
2025,Q3,District,Cidade de Maputo,Bárue,Agentes Não Bancários (IME) (3),2155.0
2025,Q3,District,Cidade de Maputo,Bárue,Operadores de Microcrédito,1.0
2025,Q3,District,Cidade de Maputo,Bárue,Instituições Seguradoras,1.0
2025,Q3,District,Cidade de Maputo,Bárue,ATM,4.0
2025,Q3,District,Cidade de Maputo,Bárue,POS,19.0
2025,Q3,District,Cidade de Maputo,Bárue,TOTAL,2183.0
2025,Q3,District,Cidade de Maputo,Gondola,Agências(1),2.0
2025,Q3,District,Cidade de Maputo,Gondola,Agências Microbancos e Cooperativas de Crédito,0.0
2025,Q3,District,Cidade de Maputo,Gondola,Agentes Bancários (2),1.0
2025,Q3,District,Cidade de Maputo,Gondola,Agentes Não Bancários (IME) (3),3198.0
2025,Q3,District,Cidade de Maputo,Gondola,Operadores de Microcrédito,1.0
2025,Q3,District,Cidade de Maputo,Gondola,Instituições Seguradoras,0.0
2025,Q3,District,Cidade de Maputo,Gondola,ATM,2.0
2025,Q3,District,Cidade de Maputo,Gondola,POS,38.0
2025,Q3,District,Cidade de Maputo,Gondola,TOTAL,3242.0
2025,Q3,District,Cidade de Maputo,Guro,Agências(1),1.0
2025,Q3,District,Cidade de Maputo,Guro,Agências Microbancos e Cooperativas de Crédito,0.0
2025,Q3,District,Cidade de Maputo,Guro,Agentes Bancários (2),1.0
2025,Q3,District,Cidade de Maputo,Guro,Agentes Não Bancários (IME) (3),1026.0
2025,Q3,District,Cidade de Maputo,Guro,Operadores de Microcrédito,0.0
2025,Q3,District,Cidade de Maputo,Guro,Instituições Seguradoras,0.0
2025,Q3,District,Cidade de Maputo,Guro,ATM,2.0
2025,Q3,District,Cidade de Maputo,Guro,POS,3.0
2025,Q3,District,Cidade de Maputo,Guro,TOTAL,1033.0
2025,Q3,District,Cidade de Maputo,Machaze,Agências(1),1.0
2025,Q3,District,Cidade de Maputo,Machaze,Agências Microbancos e Cooperativas de Crédito,0.0
2025,Q3,District,Cidade de Maputo,Machaze,Agentes Bancários (2),1.0
2025,Q3,District,Cidade de Maputo,Machaze,Agentes Não Bancários (IME) (3),560.0
2025,Q3,District,Cidade de Maputo,Machaze,Operadores de Microcrédito,2.0
2025,Q3,District,Cidade de Maputo,Machaze,Instituições Seguradoras,0.0
2025,Q3,District,Cidade de Maputo,Machaze,ATM,1.0
2025,Q3,District,Cidade de Maputo,Machaze,POS,11.0
2025,Q3,District,Cidade de Maputo,Machaze,TOTAL,576.0
2025,Q3,District,Cidade de Maputo,Macossa,Agências(1),0.0
2025,Q3,District,Cidade de Maputo,Macossa,Agências Microbancos e Cooperativas de Crédito,0.0
2025,Q3,District,Cidade de Maputo,Macossa,Agentes Bancários (2),1.0
2025,Q3,District,Cidade de Maputo,Macossa,Agentes Não Bancários (IME) (3),184.0
2025,Q3,District,Cidade de Maputo,Macossa,Operadores de Microcrédito,1.0
2025,Q3,District,Cidade de Maputo,Macossa,Instituições Seguradoras,0.0
2025,Q3,District,Cidade de Maputo,Macossa,ATM,0.0
2025,Q3,District,Cidade de Maputo,Macossa,POS,4.0
2025,Q3,District,Cidade de Maputo,Macossa,TOTAL,190.0
2025,Q3,District,Cidade de Maputo,Manica,Agências(1),3.0
2025,Q3,District,Cidade de Maputo,Manica,Agências Microbancos e Cooperativas de Crédito,2.0
2025,Q3,District,Cidade de Maputo,Manica,Agentes Bancários (2),3.0
2025,Q3,District,Cidade de Maputo,Manica,Agentes Não Bancários (IME) (3),3782.0
2025,Q3,District,Cidade de Maputo,Manica,Operadores de Microcrédito,11.0
2025,Q3,District,Cidade de Maputo,Manica,Instituições Seguradoras,4.0
2025,Q3,District,Cidade de Maputo,Manica,ATM,7.0
2025,Q3,District,Cidade de Maputo,Manica,POS,187.0
2025,Q3,District,Cidade de Maputo,Manica,TOTAL,3999.0
2025,Q3,District,Cidade de Maputo,Vanduzi,Agências(1),1.0
2025,Q3,District,Cidade de Maputo,Vanduzi,Agências Microbancos e Cooperativas de Crédito,0.0
2025,Q3,District,Cidade de Maputo,Vanduzi,Agentes Bancários (2),1.0
2025,Q3,District,Cidade de Maputo,Vanduzi,Agentes Não Bancários (IME) (3),1071.0
2025,Q3,District,Cidade de Maputo,Vanduzi,Operadores de Microcrédito,1.0
2025,Q3,District,Cidade de Maputo,Vanduzi,Instituições Seguradoras,3.0
2025,Q3,District,Cidade de Maputo,Vanduzi,ATM,2.0
2025,Q3,District,Cidade de Maputo,Vanduzi,POS,0.0
2025,Q3,District,Cidade de Maputo,Vanduzi,TOTAL,1079.0
2025,Q3,District,Cidade de Maputo,Mossurize,Agências(1),0.0
2025,Q3,District,Cidade de Maputo,Mossurize,Agências Microbancos e Cooperativas de Crédito,0.0
2025,Q3,District,Cidade de Maputo,Mossurize,Agentes Bancários (2),1.0
2025,Q3,District,Cidade de Maputo,Mossurize,Agentes Não Bancários (IME) (3),1778.0
2025,Q3,District,Cidade de Maputo,Mossurize,Operadores de Microcrédito,0.0
2025,Q3,District,Cidade de Maputo,Mossurize,Instituições Seguradoras,0.0
2025,Q3,District,Cidade de Maputo,Mossurize,ATM,2.0
2025,Q3,District,Cidade de Maputo,Mossurize,POS,18.0
2025,Q3,District,Cidade de Maputo,Mossurize,TOTAL,1799.0
2025,Q3,District,Cidade de Maputo,Sussundenga,Agências(1),0.0
2025,Q3,District,Cidade de Maputo,Sussundenga,Agências Microbancos e Cooperativas de Crédito,0.0
2025,Q3,District,Cidade de Maputo,Sussundenga,Agentes Bancários (2),1.0
2025,Q3,District,Cidade de Maputo,Sussundenga,Agentes Não Bancários (IME) (3),200.0
2025,Q3,District,Cidade de Maputo,Sussundenga,Operadores de Microcrédito,1.0
2025,Q3,District,Cidade de Maputo,Sussundenga,Instituições Seguradoras,0.0
2025,Q3,District,Cidade de Maputo,Sussundenga,ATM,1.0
2025,Q3,District,Cidade de Maputo,Sussundenga,POS,11.0
2025,Q3,District,Cidade de Maputo,Sussundenga,TOTAL,214.0
2025,Q3,District,Cidade de Maputo,Tambara,Agências(1),0.0
2025,Q3,District,Cidade de Maputo,Tambara,Agências Microbancos e Cooperativas de Crédito,0.0
2025,Q3,District,Cidade de Maputo,Tambara,Agentes Bancários (2),1.0
2025,Q3,District,Cidade de Maputo,Tambara,Agentes Não Bancários (IME) (3),178.0
2025,Q3,District,Cidade de Maputo,Tambara,Operadores de Microcrédito,0.0
2025,Q3,District,Cidade de Maputo,Tambara,Instituições Seguradoras,0.0
2025,Q3,District,Cidade de Maputo,Tambara,ATM,0.0
2025,Q3,District,Cidade de Maputo,Tambara,POS,3.0
2025,Q3,District,Cidade de Maputo,Tambara,TOTAL,182.0
2025,Q3,District,Cidade de Maputo,Macate,Agências(1),1.0
2025,Q3,District,Cidade de Maputo,Macate,Agências Microbancos e Cooperativas de Crédito,0.0
2025,Q3,District,Cidade de Maputo,Macate,Agentes Bancários (2),2.0
2025,Q3,District,Cidade de Maputo,Macate,Agentes Não Bancários (IME) (3),1435.0
2025,Q3,District,Cidade de Maputo,Macate,Operadores de Microcrédito,1.0
2025,Q3,District,Cidade de Maputo,Macate,Instituições Seguradoras,1.0
2025,Q3,District,Cidade de Maputo,Macate,ATM,3.0
2025,Q3,District,Cidade de Maputo,Macate,POS,2.0
2025,Q3,District,Cidade de Maputo,Macate,TOTAL,1445.0
2025,Q3,District,Cidade de Maputo,Tete,Agências(1),42.0
2025,Q3,District,Cidade de Maputo,Tete,Agências Microbancos e Cooperativas de Crédito,5.0
2025,Q3,District,Cidade de Maputo,Tete,Agentes Bancários (2),17.0
2025,Q3,District,Cidade de Maputo,Tete,Agentes Não Bancários (IME) (3),30200.0
2025,Q3,District,Cidade de Maputo,Tete,Operadores de Microcrédito,136.0
2025,Q3,District,Cidade de Maputo,Tete,Instituições Seguradoras,27.0
2025,Q3,District,Cidade de Maputo,Tete,ATM,88.0
2025,Q3,District,Cidade de Maputo,Tete,POS,1668.0
2025,Q3,District,Cidade de Maputo,Tete,TOTAL,32183.0
2025,Q3,District,Cidade de Maputo,Tete,Agências(1),21.0
2025,Q3,District,Cidade de Maputo,Tete,Agências Microbancos e Cooperativas de Crédito,4.0
2025,Q3,District,Cidade de Maputo,Tete,Agentes Bancários (2),17.0
2025,Q3,District,Cidade de Maputo,Tete,Agentes Não Bancários (IME) (3),12276.0
2025,Q3,District,Cidade de Maputo,Tete,Operadores de Microcrédito,111.0
2025,Q3,District,Cidade de Maputo,Tete,Instituições Seguradoras,14.0
2025,Q3,District,Cidade de Maputo,Tete,ATM,48.0
2025,Q3,District,Cidade de Maputo,Tete,POS,1439.0
2025,Q3,District,Cidade de Maputo,Tete,TOTAL,13930.0
2025,Q3,District,Cidade de Maputo,Angónia,Agências(1),4.0
2025,Q3,District,Cidade de Maputo,Angónia,Agências Microbancos e Cooperativas de Crédito,1.0
2025,Q3,District,Cidade de Maputo,Angónia,Agentes Bancários (2),0.0
2025,Q3,District,Cidade de Maputo,Angónia,Agentes Não Bancários (IME) (3),3405.0
2025,Q3,District,Cidade de Maputo,Angónia,Operadores de Microcrédito,1.0
2025,Q3,District,Cidade de Maputo,Angónia,Instituições Seguradoras,3.0
2025,Q3,District,Cidade de Maputo,Angónia,ATM,7.0
2025,Q3,District,Cidade de Maputo,Angónia,POS,35.0
2025,Q3,District,Cidade de Maputo,Angónia,TOTAL,3456.0
2025,Q3,District,Cidade de Maputo,Cahora-Bassa,Agências(1),3.0
2025,Q3,District,Cidade de Maputo,Cahora-Bassa,Agências Microbancos e Cooperativas de Crédito,0.0
2025,Q3,District,Cidade de Maputo,Cahora-Bassa,Agentes Bancários (2),0.0
2025,Q3,District,Cidade de Maputo,Cahora-Bassa,Agentes Não Bancários (IME) (3),1661.0
2025,Q3,District,Cidade de Maputo,Cahora-Bassa,Operadores de Microcrédito,7.0
2025,Q3,District,Cidade de Maputo,Cahora-Bassa,Instituições Seguradoras,0.0
2025,Q3,District,Cidade de Maputo,Cahora-Bassa,ATM,5.0
2025,Q3,District,Cidade de Maputo,Cahora-Bassa,POS,62.0
2025,Q3,District,Cidade de Maputo,Cahora-Bassa,TOTAL,1738.0
2025,Q3,District,Cidade de Maputo,Changara,Agências(1),2.0
2025,Q3,District,Cidade de Maputo,Changara,Agências Microbancos e Cooperativas de Crédito,0.0
2025,Q3,District,Cidade de Maputo,Changara,Agentes Bancários (2),0.0
2025,Q3,District,Cidade de Maputo,Changara,Agentes Não Bancários (IME) (3),1294.0
2025,Q3,District,Cidade de Maputo,Changara,Operadores de Microcrédito,1.0
2025,Q3,District,Cidade de Maputo,Changara,Instituições Seguradoras,0.0
2025,Q3,District,Cidade de Maputo,Changara,ATM,2.0
2025,Q3,District,Cidade de Maputo,Changara,POS,7.0
2025,Q3,District,Cidade de Maputo,Changara,TOTAL,1306.0
2025,Q3,District,Cidade de Maputo,Chifunde,Agências(1),1.0
2025,Q3,District,Cidade de Maputo,Chifunde,Agências Microbancos e Cooperativas de Crédito,0.0
2025,Q3,District,Cidade de Maputo,Chifunde,Agentes Bancários (2),0.0
2025,Q3,District,Cidade de Maputo,Chifunde,Agentes Não Bancários (IME) (3),551.0
2025,Q3,District,Cidade de Maputo,Chifunde,Operadores de Microcrédito,1.0
2025,Q3,District,Cidade de Maputo,Chifunde,Instituições Seguradoras,0.0
2025,Q3,District,Cidade de Maputo,Chifunde,ATM,2.0
2025,Q3,District,Cidade de Maputo,Chifunde,POS,1.0
2025,Q3,District,Cidade de Maputo,Chifunde,TOTAL,556.0
2025,Q3,District,Cidade de Maputo,Chiuta,Agências(1),1.0
2025,Q3,District,Cidade de Maputo,Chiuta,Agências Microbancos e Cooperativas de Crédito,0.0
2025,Q3,District,Cidade de Maputo,Chiuta,Agentes Bancários (2),0.0
2025,Q3,District,Cidade de Maputo,Chiuta,Agentes Não Bancários (IME) (3),876.0
2025,Q3,District,Cidade de Maputo,Chiuta,Operadores de Microcrédito,1.0
2025,Q3,District,Cidade de Maputo,Chiuta,Instituições Seguradoras,0.0
2025,Q3,District,Cidade de Maputo,Chiuta,ATM,2.0
2025,Q3,District,Cidade de Maputo,Chiuta,POS,12.0
2025,Q3,District,Cidade de Maputo,Chiuta,TOTAL,892.0
2025,Q3,District,Cidade de Maputo,Macanga,Agências(1),1.0
2025,Q3,District,Cidade de Maputo,Macanga,Agências Microbancos e Cooperativas de Crédito,0.0
2025,Q3,District,Cidade de Maputo,Macanga,Agentes Bancários (2),0.0
2025,Q3,District,Cidade de Maputo,Macanga,Agentes Não Bancários (IME) (3),1641.0
2025,Q3,District,Cidade de Maputo,Macanga,Operadores de Microcrédito,4.0
2025,Q3,District,Cidade de Maputo,Macanga,Instituições Seguradoras,0.0
2025,Q3,District,Cidade de Maputo,Macanga,ATM,2.0
2025,Q3,District,Cidade de Maputo,Macanga,POS,5.0
2025,Q3,District,Cidade de Maputo,Macanga,TOTAL,1653.0
2025,Q3,District,Cidade de Maputo,Mágoe,Agências(1),0.0
2025,Q3,District,Cidade de Maputo,Mágoe,Agências Microbancos e Cooperativas de Crédito,0.0
2025,Q3,District,Cidade de Maputo,Mágoe,Agentes Bancários (2),0.0
2025,Q3,District,Cidade de Maputo,Mágoe,Agentes Não Bancários (IME) (3),524.0
2025,Q3,District,Cidade de Maputo,Mágoe,Operadores de Microcrédito,0.0
2025,Q3,District,Cidade de Maputo,Mágoe,Instituições Seguradoras,0.0
2025,Q3,District,Cidade de Maputo,Mágoe,ATM,0.0
2025,Q3,District,Cidade de Maputo,Mágoe,POS,5.0
2025,Q3,District,Cidade de Maputo,Mágoe,TOTAL,529.0
2025,Q3,District,Cidade de Maputo,Maravia,Agências(1),1.0
2025,Q3,District,Cidade de Maputo,Maravia,Agências Microbancos e Cooperativas de Crédito,0.0
2025,Q3,District,Cidade de Maputo,Maravia,Agentes Bancários (2),0.0
2025,Q3,District,Cidade de Maputo,Maravia,Agentes Não Bancários (IME) (3),466.0
2025,Q3,District,Cidade de Maputo,Maravia,Operadores de Microcrédito,0.0
2025,Q3,District,Cidade de Maputo,Maravia,Instituições Seguradoras,0.0
2025,Q3,District,Cidade de Maputo,Maravia,ATM,4.0
2025,Q3,District,Cidade de Maputo,Maravia,POS,2.0
2025,Q3,District,Cidade de Maputo,Maravia,TOTAL,473.0
2025,Q3,District,Cidade de Maputo,Moatize,Agências(1),4.0
2025,Q3,District,Cidade de Maputo,Moatize,Agências Microbancos e Cooperativas de Crédito,0.0
2025,Q3,District,Cidade de Maputo,Moatize,Agentes Bancários (2),0.0
2025,Q3,District,Cidade de Maputo,Moatize,Agentes Não Bancários (IME) (3),4328.0
2025,Q3,District,Cidade de Maputo,Moatize,Operadores de Microcrédito,9.0
2025,Q3,District,Cidade de Maputo,Moatize,Instituições Seguradoras,0.0
2025,Q3,District,Cidade de Maputo,Moatize,ATM,11.0
2025,Q3,District,Cidade de Maputo,Moatize,POS,91.0
2025,Q3,District,Cidade de Maputo,Moatize,TOTAL,4443.0
2025,Q3,District,Cidade de Maputo,Mutarara,Agências(1),1.0
2025,Q3,District,Cidade de Maputo,Mutarara,Agências Microbancos e Cooperativas de Crédito,0.0
2025,Q3,District,Cidade de Maputo,Mutarara,Agentes Bancários (2),0.0
2025,Q3,District,Cidade de Maputo,Mutarara,Agentes Não Bancários (IME) (3),1420.0
2025,Q3,District,Cidade de Maputo,Mutarara,Operadores de Microcrédito,1.0
2025,Q3,District,Cidade de Maputo,Mutarara,Instituições Seguradoras,3.0
2025,Q3,District,Cidade de Maputo,Mutarara,ATM,2.0
2025,Q3,District,Cidade de Maputo,Mutarara,POS,7.0
2025,Q3,District,Cidade de Maputo,Mutarara,TOTAL,1434.0
2025,Q3,District,Cidade de Maputo,Tsangano,Agências(1),1.0
2025,Q3,District,Cidade de Maputo,Tsangano,Agências Microbancos e Cooperativas de Crédito,0.0
2025,Q3,District,Cidade de Maputo,Tsangano,Agentes Bancários (2),0.0
2025,Q3,District,Cidade de Maputo,Tsangano,Agentes Não Bancários (IME) (3),668.0
2025,Q3,District,Cidade de Maputo,Tsangano,Operadores de Microcrédito,0.0
2025,Q3,District,Cidade de Maputo,Tsangano,Instituições Seguradoras,6.0
2025,Q3,District,Cidade de Maputo,Tsangano,ATM,1.0
2025,Q3,District,Cidade de Maputo,Tsangano,POS,0.0
2025,Q3,District,Cidade de Maputo,Tsangano,TOTAL,676.0
2025,Q3,District,Cidade de Maputo,Zumbo,Agências(1),1.0
2025,Q3,District,Cidade de Maputo,Zumbo,Agências Microbancos e Cooperativas de Crédito,0.0
2025,Q3,District,Cidade de Maputo,Zumbo,Agentes Bancários (2),0.0
2025,Q3,District,Cidade de Maputo,Zumbo,Agentes Não Bancários (IME) (3),227.0
2025,Q3,District,Cidade de Maputo,Zumbo,Operadores de Microcrédito,0.0
2025,Q3,District,Cidade de Maputo,Zumbo,Instituições Seguradoras,1.0
2025,Q3,District,Cidade de Maputo,Zumbo,ATM,1.0
2025,Q3,District,Cidade de Maputo,Zumbo,POS,2.0
2025,Q3,District,Cidade de Maputo,Zumbo,TOTAL,232.0
2025,Q3,District,Cidade de Maputo,Marara,Agências(1),1.0
2025,Q3,District,Cidade de Maputo,Marara,Agências Microbancos e Cooperativas de Crédito,0.0
2025,Q3,District,Cidade de Maputo,Marara,Agentes Bancários (2),0.0
2025,Q3,District,Cidade de Maputo,Marara,Agentes Não Bancários (IME) (3),431.0
2025,Q3,District,Cidade de Maputo,Marara,Operadores de Microcrédito,0.0
2025,Q3,District,Cidade de Maputo,Marara,Instituições Seguradoras,0.0
2025,Q3,District,Cidade de Maputo,Marara,ATM,1.0
2025,Q3,District,Cidade de Maputo,Marara,POS,0.0
2025,Q3,District,Cidade de Maputo,Marara,TOTAL,433.0
2025,Q3,District,Cidade de Maputo,Dôa,Agências(1),0.0
2025,Q3,District,Cidade de Maputo,Dôa,Agências Microbancos e Cooperativas de Crédito,0.0
2025,Q3,District,Cidade de Maputo,Dôa,Agentes Bancários (2),0.0
2025,Q3,District,Cidade de Maputo,Dôa,Agentes Não Bancários (IME) (3),432.0
2025,Q3,District,Cidade de Maputo,Dôa,Operadores de Microcrédito,0.0
2025,Q3,District,Cidade de Maputo,Dôa,Instituições Seguradoras,0.0
2025,Q3,District,Cidade de Maputo,Dôa,ATM,0.0
2025,Q3,District,Cidade de Maputo,Dôa,POS,0.0
2025,Q3,District,Cidade de Maputo,Dôa,TOTAL,432.0
2025,Q3,District,Cidade de Maputo,Zambézia,Agências(1),35.0
2025,Q3,District,Cidade de Maputo,Zambézia,Agências Microbancos e Cooperativas de Crédito,6.0
2025,Q3,District,Cidade de Maputo,Zambézia,Agentes Bancários (2),20.0
2025,Q3,District,Cidade de Maputo,Zambézia,Agentes Não Bancários (IME) (3),38331.0
2025,Q3,District,Cidade de Maputo,Zambézia,Operadores de Microcrédito,71.0
2025,Q3,District,Cidade de Maputo,Zambézia,Instituições Seguradoras,18.0
2025,Q3,District,Cidade de Maputo,Zambézia,ATM,92.0
2025,Q3,District,Cidade de Maputo,Zambézia,POS,1023.0
2025,Q3,District,Cidade de Maputo,Zambézia,TOTAL,39596.0
2025,Q3,District,Cidade de Maputo,Quelimane,Agências(1),12.0
2025,Q3,District,Cidade de Maputo,Quelimane,Agências Microbancos e Cooperativas de Crédito,3.0
2025,Q3,District,Cidade de Maputo,Quelimane,Agentes Bancários (2),13.0
2025,Q3,District,Cidade de Maputo,Quelimane,Agentes Não Bancários (IME) (3),11151.0
2025,Q3,District,Cidade de Maputo,Quelimane,Operadores de Microcrédito,42.0
2025,Q3,District,Cidade de Maputo,Quelimane,Instituições Seguradoras,14.0
2025,Q3,District,Cidade de Maputo,Quelimane,ATM,38.0
2025,Q3,District,Cidade de Maputo,Quelimane,POS,633.0
2025,Q3,District,Cidade de Maputo,Quelimane,TOTAL,11906.0
2025,Q3,District,Cidade de Maputo,Alto Molócuè,Agências(1),2.0
2025,Q3,District,Cidade de Maputo,Alto Molócuè,Agências Microbancos e Cooperativas de Crédito,0.0
2025,Q3,District,Cidade de Maputo,Alto Molócuè,Agentes Bancários (2),1.0
2025,Q3,District,Cidade de Maputo,Alto Molócuè,Agentes Não Bancários (IME) (3),2143.0
2025,Q3,District,Cidade de Maputo,Alto Molócuè,Operadores de Microcrédito,3.0
2025,Q3,District,Cidade de Maputo,Alto Molócuè,Instituições Seguradoras,1.0
2025,Q3,District,Cidade de Maputo,Alto Molócuè,ATM,4.0
2025,Q3,District,Cidade de Maputo,Alto Molócuè,POS,26.0
2025,Q3,District,Cidade de Maputo,Alto Molócuè,TOTAL,2180.0
2025,Q3,District,Cidade de Maputo,Chinde,Agências(1),0.0
2025,Q3,District,Cidade de Maputo,Chinde,Agências Microbancos e Cooperativas de Crédito,0.0
2025,Q3,District,Cidade de Maputo,Chinde,Agentes Bancários (2),0.0
2025,Q3,District,Cidade de Maputo,Chinde,Agentes Não Bancários (IME) (3),165.0
2025,Q3,District,Cidade de Maputo,Chinde,Operadores de Microcrédito,0.0
2025,Q3,District,Cidade de Maputo,Chinde,Instituições Seguradoras,0.0
2025,Q3,District,Cidade de Maputo,Chinde,ATM,0.0
2025,Q3,District,Cidade de Maputo,Chinde,POS,8.0
2025,Q3,District,Cidade de Maputo,Chinde,TOTAL,173.0
2025,Q3,District,Cidade de Maputo,Gurúè,Agências(1),2.0
2025,Q3,District,Cidade de Maputo,Gurúè,Agências Microbancos e Cooperativas de Crédito,1.0
2025,Q3,District,Cidade de Maputo,Gurúè,Agentes Bancários (2),1.0
2025,Q3,District,Cidade de Maputo,Gurúè,Agentes Não Bancários (IME) (3),3086.0
2025,Q3,District,Cidade de Maputo,Gurúè,Operadores de Microcrédito,4.0
2025,Q3,District,Cidade de Maputo,Gurúè,Instituições Seguradoras,1.0
2025,Q3,District,Cidade de Maputo,Gurúè,ATM,7.0
2025,Q3,District,Cidade de Maputo,Gurúè,POS,39.0
2025,Q3,District,Cidade de Maputo,Gurúè,TOTAL,3141.0
2025,Q3,District,Cidade de Maputo,Ile,Agências(1),1.0
2025,Q3,District,Cidade de Maputo,Ile,Agências Microbancos e Cooperativas de Crédito,0.0
2025,Q3,District,Cidade de Maputo,Ile,Agentes Bancários (2),0.0
2025,Q3,District,Cidade de Maputo,Ile,Agentes Não Bancários (IME) (3),1245.0
2025,Q3,District,Cidade de Maputo,Ile,Operadores de Microcrédito,1.0
2025,Q3,District,Cidade de Maputo,Ile,Instituições Seguradoras,0.0
2025,Q3,District,Cidade de Maputo,Ile,ATM,1.0
2025,Q3,District,Cidade de Maputo,Ile,POS,7.0
2025,Q3,District,Cidade de Maputo,Ile,TOTAL,1255.0
2025,Q3,District,Cidade de Maputo,Inhassunge,Agências(1),0.0
2025,Q3,District,Cidade de Maputo,Inhassunge,Agências Microbancos e Cooperativas de Crédito,0.0
2025,Q3,District,Cidade de Maputo,Inhassunge,Agentes Bancários (2),0.0
2025,Q3,District,Cidade de Maputo,Inhassunge,Agentes Não Bancários (IME) (3),186.0
2025,Q3,District,Cidade de Maputo,Inhassunge,Operadores de Microcrédito,1.0
2025,Q3,District,Cidade de Maputo,Inhassunge,Instituições Seguradoras,0.0
2025,Q3,District,Cidade de Maputo,Inhassunge,ATM,0.0
2025,Q3,District,Cidade de Maputo,Inhassunge,POS,2.0
2025,Q3,District,Cidade de Maputo,Inhassunge,TOTAL,189.0
2025,Q3,District,Cidade de Maputo,Lugela,Agências(1),0.0
2025,Q3,District,Cidade de Maputo,Lugela,Agências Microbancos e Cooperativas de Crédito,0.0
2025,Q3,District,Cidade de Maputo,Lugela,Agentes Bancários (2),0.0
2025,Q3,District,Cidade de Maputo,Lugela,Agentes Não Bancários (IME) (3),373.0
2025,Q3,District,Cidade de Maputo,Lugela,Operadores de Microcrédito,0.0
2025,Q3,District,Cidade de Maputo,Lugela,Instituições Seguradoras,0.0
2025,Q3,District,Cidade de Maputo,Lugela,ATM,0.0
2025,Q3,District,Cidade de Maputo,Lugela,POS,2.0
2025,Q3,District,Cidade de Maputo,Lugela,TOTAL,375.0
2025,Q3,District,Cidade de Maputo,Gilé,Agências(1),1.0
2025,Q3,District,Cidade de Maputo,Gilé,Agências Microbancos e Cooperativas de Crédito,0.0
2025,Q3,District,Cidade de Maputo,Gilé,Agentes Bancários (2),0.0
2025,Q3,District,Cidade de Maputo,Gilé,Agentes Não Bancários (IME) (3),1000.0
2025,Q3,District,Cidade de Maputo,Gilé,Operadores de Microcrédito,0.0
2025,Q3,District,Cidade de Maputo,Gilé,Instituições Seguradoras,0.0
2025,Q3,District,Cidade de Maputo,Gilé,ATM,2.0
2025,Q3,District,Cidade de Maputo,Gilé,POS,16.0
2025,Q3,District,Cidade de Maputo,Gilé,TOTAL,1019.0
2025,Q3,District,Cidade de Maputo,Maganja da Costa,Agências(1),1.0
2025,Q3,District,Cidade de Maputo,Maganja da Costa,Agências Microbancos e Cooperativas de Crédito,0.0
2025,Q3,District,Cidade de Maputo,Maganja da Costa,Agentes Bancários (2),0.0
2025,Q3,District,Cidade de Maputo,Maganja da Costa,Agentes Não Bancários (IME) (3),976.0
2025,Q3,District,Cidade de Maputo,Maganja da Costa,Operadores de Microcrédito,0.0
2025,Q3,District,Cidade de Maputo,Maganja da Costa,Instituições Seguradoras,0.0
2025,Q3,District,Cidade de Maputo,Maganja da Costa,ATM,2.0
2025,Q3,District,Cidade de Maputo,Maganja da Costa,POS,12.0
2025,Q3,District,Cidade de Maputo,Maganja da Costa,TOTAL,991.0
2025,Q3,District,Cidade de Maputo,Milange,Agências(1),2.0
2025,Q3,District,Cidade de Maputo,Milange,Agências Microbancos e Cooperativas de Crédito,0.0
2025,Q3,District,Cidade de Maputo,Milange,Agentes Bancários (2),1.0
2025,Q3,District,Cidade de Maputo,Milange,Agentes Não Bancários (IME) (3),3016.0
2025,Q3,District,Cidade de Maputo,Milange,Operadores de Microcrédito,2.0
2025,Q3,District,Cidade de Maputo,Milange,Instituições Seguradoras,1.0
2025,Q3,District,Cidade de Maputo,Milange,ATM,8.0
2025,Q3,District,Cidade de Maputo,Milange,POS,27.0
2025,Q3,District,Cidade de Maputo,Milange,TOTAL,3057.0
2025,Q3,District,Cidade de Maputo,Mocuba,Agências(1),6.0
2025,Q3,District,Cidade de Maputo,Mocuba,Agências Microbancos e Cooperativas de Crédito,2.0
2025,Q3,District,Cidade de Maputo,Mocuba,Agentes Bancários (2),1.0
2025,Q3,District,Cidade de Maputo,Mocuba,Agentes Não Bancários (IME) (3),5631.0
2025,Q3,District,Cidade de Maputo,Mocuba,Operadores de Microcrédito,11.0
2025,Q3,District,Cidade de Maputo,Mocuba,Instituições Seguradoras,1.0
2025,Q3,District,Cidade de Maputo,Mocuba,ATM,13.0
2025,Q3,District,Cidade de Maputo,Mocuba,POS,157.0
2025,Q3,District,Cidade de Maputo,Mocuba,TOTAL,5822.0
2025,Q3,District,Cidade de Maputo,Mopeia,Agências(1),1.0
2025,Q3,District,Cidade de Maputo,Mopeia,Agências Microbancos e Cooperativas de Crédito,0.0
2025,Q3,District,Cidade de Maputo,Mopeia,Agentes Bancários (2),1.0
2025,Q3,District,Cidade de Maputo,Mopeia,Agentes Não Bancários (IME) (3),928.0
2025,Q3,District,Cidade de Maputo,Mopeia,Operadores de Microcrédito,0.0
2025,Q3,District,Cidade de Maputo,Mopeia,Instituições Seguradoras,0.0
2025,Q3,District,Cidade de Maputo,Mopeia,ATM,2.0
2025,Q3,District,Cidade de Maputo,Mopeia,POS,14.0
2025,Q3,District,Cidade de Maputo,Mopeia,TOTAL,946.0
2025,Q3,District,Cidade de Maputo,Morrumbala,Agências(1),1.0
2025,Q3,District,Cidade de Maputo,Morrumbala,Agências Microbancos e Cooperativas de Crédito,0.0
2025,Q3,District,Cidade de Maputo,Morrumbala,Agentes Bancários (2),1.0
2025,Q3,District,Cidade de Maputo,Morrumbala,Agentes Não Bancários (IME) (3),1422.0
2025,Q3,District,Cidade de Maputo,Morrumbala,Operadores de Microcrédito,2.0
2025,Q3,District,Cidade de Maputo,Morrumbala,Instituições Seguradoras,0.0
2025,Q3,District,Cidade de Maputo,Morrumbala,ATM,4.0
2025,Q3,District,Cidade de Maputo,Morrumbala,POS,9.0
2025,Q3,District,Cidade de Maputo,Morrumbala,TOTAL,1439.0
2025,Q3,District,Cidade de Maputo,Namacurra,Agências(1),1.0
2025,Q3,District,Cidade de Maputo,Namacurra,Agências Microbancos e Cooperativas de Crédito,0.0
2025,Q3,District,Cidade de Maputo,Namacurra,Agentes Bancários (2),1.0
2025,Q3,District,Cidade de Maputo,Namacurra,Agentes Não Bancários (IME) (3),1114.0
2025,Q3,District,Cidade de Maputo,Namacurra,Operadores de Microcrédito,1.0
2025,Q3,District,Cidade de Maputo,Namacurra,Instituições Seguradoras,0.0
2025,Q3,District,Cidade de Maputo,Namacurra,ATM,2.0
2025,Q3,District,Cidade de Maputo,Namacurra,POS,11.0
2025,Q3,District,Cidade de Maputo,Namacurra,TOTAL,1130.0
2025,Q3,District,Cidade de Maputo,Namarroi,Agências(1),0.0
2025,Q3,District,Cidade de Maputo,Namarroi,Agências Microbancos e Cooperativas de Crédito,0.0
2025,Q3,District,Cidade de Maputo,Namarroi,Agentes Bancários (2),0.0
2025,Q3,District,Cidade de Maputo,Namarroi,Agentes Não Bancários (IME) (3),388.0
2025,Q3,District,Cidade de Maputo,Namarroi,Operadores de Microcrédito,0.0
2025,Q3,District,Cidade de Maputo,Namarroi,Instituições Seguradoras,0.0
2025,Q3,District,Cidade de Maputo,Namarroi,ATM,0.0
2025,Q3,District,Cidade de Maputo,Namarroi,POS,8.0
2025,Q3,District,Cidade de Maputo,Namarroi,TOTAL,396.0
2025,Q3,District,Cidade de Maputo,Nicoadala,Agências(1),1.0
2025,Q3,District,Cidade de Maputo,Nicoadala,Agências Microbancos e Cooperativas de Crédito,0.0
2025,Q3,District,Cidade de Maputo,Nicoadala,Agentes Bancários (2),0.0
2025,Q3,District,Cidade de Maputo,Nicoadala,Agentes Não Bancários (IME) (3),2240.0
2025,Q3,District,Cidade de Maputo,Nicoadala,Operadores de Microcrédito,1.0
2025,Q3,District,Cidade de Maputo,Nicoadala,Instituições Seguradoras,0.0
2025,Q3,District,Cidade de Maputo,Nicoadala,ATM,3.0
2025,Q3,District,Cidade de Maputo,Nicoadala,POS,29.0
2025,Q3,District,Cidade de Maputo,Nicoadala,TOTAL,2274.0
2025,Q3,District,Cidade de Maputo,Pebane,Agências(1),2.0
2025,Q3,District,Cidade de Maputo,Pebane,Agências Microbancos e Cooperativas de Crédito,0.0
2025,Q3,District,Cidade de Maputo,Pebane,Agentes Bancários (2),0.0
2025,Q3,District,Cidade de Maputo,Pebane,Agentes Não Bancários (IME) (3),1393.0
2025,Q3,District,Cidade de Maputo,Pebane,Operadores de Microcrédito,1.0
2025,Q3,District,Cidade de Maputo,Pebane,Instituições Seguradoras,0.0
2025,Q3,District,Cidade de Maputo,Pebane,ATM,3.0
2025,Q3,District,Cidade de Maputo,Pebane,POS,23.0
2025,Q3,District,Cidade de Maputo,Pebane,TOTAL,1422.0
2025,Q3,District,Cidade de Maputo,Luabo,Agências(1),0.0
2025,Q3,District,Cidade de Maputo,Luabo,Agências Microbancos e Cooperativas de Crédito,0.0
2025,Q3,District,Cidade de Maputo,Luabo,Agentes Bancários (2),0.0
2025,Q3,District,Cidade de Maputo,Luabo,Agentes Não Bancários (IME) (3),1055.0
2025,Q3,District,Cidade de Maputo,Luabo,Operadores de Microcrédito,0.0
2025,Q3,District,Cidade de Maputo,Luabo,Instituições Seguradoras,0.0
2025,Q3,District,Cidade de Maputo,Luabo,ATM,2.0
2025,Q3,District,Cidade de Maputo,Luabo,POS,0.0
2025,Q3,District,Cidade de Maputo,Luabo,TOTAL,1057.0
2025,Q3,District,Cidade de Maputo,Mulevala,Agências(1),0.0
2025,Q3,District,Cidade de Maputo,Mulevala,Agências Microbancos e Cooperativas de Crédito,0.0
2025,Q3,District,Cidade de Maputo,Mulevala,Agentes Bancários (2),0.0
2025,Q3,District,Cidade de Maputo,Mulevala,Agentes Não Bancários (IME) (3),108.0
2025,Q3,District,Cidade de Maputo,Mulevala,Operadores de Microcrédito,0.0
2025,Q3,District,Cidade de Maputo,Mulevala,Instituições Seguradoras,0.0
2025,Q3,District,Cidade de Maputo,Mulevala,ATM,0.0
2025,Q3,District,Cidade de Maputo,Mulevala,POS,0.0
2025,Q3,District,Cidade de Maputo,Mulevala,TOTAL,108.0
2025,Q3,District,Cidade de Maputo,Mocubela,Agências(1),0.0
2025,Q3,District,Cidade de Maputo,Mocubela,Agências Microbancos e Cooperativas de Crédito,0.0
2025,Q3,District,Cidade de Maputo,Mocubela,Agentes Bancários (2),0.0
2025,Q3,District,Cidade de Maputo,Mocubela,Agentes Não Bancários (IME) (3),520.0
2025,Q3,District,Cidade de Maputo,Mocubela,Operadores de Microcrédito,1.0
2025,Q3,District,Cidade de Maputo,Mocubela,Instituições Seguradoras,0.0
2025,Q3,District,Cidade de Maputo,Mocubela,ATM,0.0
2025,Q3,District,Cidade de Maputo,Mocubela,POS,0.0
2025,Q3,District,Cidade de Maputo,Mocubela,TOTAL,521.0
2025,Q3,District,Cidade de Maputo,Derre,Agências(1),1.0
2025,Q3,District,Cidade de Maputo,Derre,Agências Microbancos e Cooperativas de Crédito,0.0
2025,Q3,District,Cidade de Maputo,Derre,Agentes Bancários (2),0.0
2025,Q3,District,Cidade de Maputo,Derre,Agentes Não Bancários (IME) (3),113.0
2025,Q3,District,Cidade de Maputo,Derre,Operadores de Microcrédito,1.0
2025,Q3,District,Cidade de Maputo,Derre,Instituições Seguradoras,0.0
2025,Q3,District,Cidade de Maputo,Derre,ATM,0.0
2025,Q3,District,Cidade de Maputo,Derre,POS,0.0
2025,Q3,District,Cidade de Maputo,Derre,TOTAL,115.0
2025,Q3,District,Cidade de Maputo,Molumbo,Agências(1),1.0
2025,Q3,District,Cidade de Maputo,Molumbo,Agências Microbancos e Cooperativas de Crédito,0.0
2025,Q3,District,Cidade de Maputo,Molumbo,Agentes Bancários (2),0.0
2025,Q3,District,Cidade de Maputo,Molumbo,Agentes Não Bancários (IME) (3),78.0
2025,Q3,District,Cidade de Maputo,Molumbo,Operadores de Microcrédito,0.0
2025,Q3,District,Cidade de Maputo,Molumbo,Instituições Seguradoras,0.0
2025,Q3,District,Cidade de Maputo,Molumbo,ATM,1.0
2025,Q3,District,Cidade de Maputo,Molumbo,POS,0.0
2025,Q3,District,Cidade de Maputo,Molumbo,TOTAL,80.0
2025,Q3,District,Cidade de Maputo,Nampula,Agências(1),79.0
2025,Q3,District,Cidade de Maputo,Nampula,Agências Microbancos e Cooperativas de Crédito,7.0
2025,Q3,District,Cidade de Maputo,Nampula,Agentes Bancários (2),52.0
2025,Q3,District,Cidade de Maputo,Nampula,Agentes Não Bancários (IME) (3),62845.0
2025,Q3,District,Cidade de Maputo,Nampula,Operadores de Microcrédito,132.0
2025,Q3,District,Cidade de Maputo,Nampula,Instituições Seguradoras,17.0
2025,Q3,District,Cidade de Maputo,Nampula,ATM,157.0
2025,Q3,District,Cidade de Maputo,Nampula,POS,2655.0
2025,Q3,District,Cidade de Maputo,Nampula,TOTAL,65944.0
2025,Q3,District,Cidade de Maputo,Nampula,Agências(1),35.0
2025,Q3,District,Cidade de Maputo,Nampula,Agências Microbancos e Cooperativas de Crédito,4.0
2025,Q3,District,Cidade de Maputo,Nampula,Agentes Bancários (2),42.0
2025,Q3,District,Cidade de Maputo,Nampula,Agentes Não Bancários (IME) (3),27306.0
2025,Q3,District,Cidade de Maputo,Nampula,Operadores de Microcrédito,100.0
2025,Q3,District,Cidade de Maputo,Nampula,Instituições Seguradoras,11.0
2025,Q3,District,Cidade de Maputo,Nampula,ATM,82.0
2025,Q3,District,Cidade de Maputo,Nampula,POS,2022.0
2025,Q3,District,Cidade de Maputo,Nampula,TOTAL,29602.0
2025,Q3,District,Cidade de Maputo,Nacala-Porto,Agências(1),16.0
2025,Q3,District,Cidade de Maputo,Nacala-Porto,Agências Microbancos e Cooperativas de Crédito,3.0
2025,Q3,District,Cidade de Maputo,Nacala-Porto,Agentes Bancários (2),3.0
2025,Q3,District,Cidade de Maputo,Nacala-Porto,Agentes Não Bancários (IME) (3),7528.0
2025,Q3,District,Cidade de Maputo,Nacala-Porto,Operadores de Microcrédito,10.0
2025,Q3,District,Cidade de Maputo,Nacala-Porto,Instituições Seguradoras,3.0
2025,Q3,District,Cidade de Maputo,Nacala-Porto,ATM,24.0
2025,Q3,District,Cidade de Maputo,Nacala-Porto,POS,434.0
2025,Q3,District,Cidade de Maputo,Nacala-Porto,TOTAL,8021.0
2025,Q3,District,Cidade de Maputo,Angoche,Agências(1),2.0
2025,Q3,District,Cidade de Maputo,Angoche,Agências Microbancos e Cooperativas de Crédito,0.0
2025,Q3,District,Cidade de Maputo,Angoche,Agentes Bancários (2),2.0
2025,Q3,District,Cidade de Maputo,Angoche,Agentes Não Bancários (IME) (3),3442.0
2025,Q3,District,Cidade de Maputo,Angoche,Operadores de Microcrédito,2.0
2025,Q3,District,Cidade de Maputo,Angoche,Instituições Seguradoras,0.0
2025,Q3,District,Cidade de Maputo,Angoche,ATM,4.0
2025,Q3,District,Cidade de Maputo,Angoche,POS,27.0
2025,Q3,District,Cidade de Maputo,Angoche,TOTAL,3479.0
2025,Q3,District,Cidade de Maputo,Ilha de Moçambique,Agências(1),2.0
2025,Q3,District,Cidade de Maputo,Ilha de Moçambique,Agências Microbancos e Cooperativas de Crédito,0.0
2025,Q3,District,Cidade de Maputo,Ilha de Moçambique,Agentes Bancários (2),0.0
2025,Q3,District,Cidade de Maputo,Ilha de Moçambique,Agentes Não Bancários (IME) (3),738.0
2025,Q3,District,Cidade de Maputo,Ilha de Moçambique,Operadores de Microcrédito,1.0
2025,Q3,District,Cidade de Maputo,Ilha de Moçambique,Instituições Seguradoras,0.0
2025,Q3,District,Cidade de Maputo,Ilha de Moçambique,ATM,4.0
2025,Q3,District,Cidade de Maputo,Ilha de Moçambique,POS,28.0
2025,Q3,District,Cidade de Maputo,Ilha de Moçambique,TOTAL,773.0
2025,Q3,District,Cidade de Maputo,Lalaua,Agências(1),1.0
2025,Q3,District,Cidade de Maputo,Lalaua,Agências Microbancos e Cooperativas de Crédito,0.0
2025,Q3,District,Cidade de Maputo,Lalaua,Agentes Bancários (2),0.0
2025,Q3,District,Cidade de Maputo,Lalaua,Agentes Não Bancários (IME) (3),355.0
2025,Q3,District,Cidade de Maputo,Lalaua,Operadores de Microcrédito,0.0
2025,Q3,District,Cidade de Maputo,Lalaua,Instituições Seguradoras,0.0
2025,Q3,District,Cidade de Maputo,Lalaua,ATM,2.0
2025,Q3,District,Cidade de Maputo,Lalaua,POS,1.0
2025,Q3,District,Cidade de Maputo,Lalaua,TOTAL,359.0
2025,Q3,District,Cidade de Maputo,Malema,Agências(1),1.0
2025,Q3,District,Cidade de Maputo,Malema,Agências Microbancos e Cooperativas de Crédito,0.0
2025,Q3,District,Cidade de Maputo,Malema,Agentes Bancários (2),0.0
2025,Q3,District,Cidade de Maputo,Malema,Agentes Não Bancários (IME) (3),1476.0
2025,Q3,District,Cidade de Maputo,Malema,Operadores de Microcrédito,1.0
2025,Q3,District,Cidade de Maputo,Malema,Instituições Seguradoras,1.0
2025,Q3,District,Cidade de Maputo,Malema,ATM,2.0
2025,Q3,District,Cidade de Maputo,Malema,POS,6.0
2025,Q3,District,Cidade de Maputo,Malema,TOTAL,1487.0
2025,Q3,District,Cidade de Maputo,Meconta (Namialo),Agências(1),2.0
2025,Q3,District,Cidade de Maputo,Meconta (Namialo),Agências Microbancos e Cooperativas de Crédito,0.0
2025,Q3,District,Cidade de Maputo,Meconta (Namialo),Agentes Bancários (2),0.0
2025,Q3,District,Cidade de Maputo,Meconta (Namialo),Agentes Não Bancários (IME) (3),4488.0
2025,Q3,District,Cidade de Maputo,Meconta (Namialo),Operadores de Microcrédito,0.0
2025,Q3,District,Cidade de Maputo,Meconta (Namialo),Instituições Seguradoras,0.0
2025,Q3,District,Cidade de Maputo,Meconta (Namialo),ATM,5.0
2025,Q3,District,Cidade de Maputo,Meconta (Namialo),POS,19.0
2025,Q3,District,Cidade de Maputo,Meconta (Namialo),TOTAL,4514.0
2025,Q3,District,Cidade de Maputo,Mecuburi,Agências(1),2.0
2025,Q3,District,Cidade de Maputo,Mecuburi,Agências Microbancos e Cooperativas de Crédito,0.0
2025,Q3,District,Cidade de Maputo,Mecuburi,Agentes Bancários (2),0.0
2025,Q3,District,Cidade de Maputo,Mecuburi,Agentes Não Bancários (IME) (3),935.0
2025,Q3,District,Cidade de Maputo,Mecuburi,Operadores de Microcrédito,0.0
2025,Q3,District,Cidade de Maputo,Mecuburi,Instituições Seguradoras,0.0
2025,Q3,District,Cidade de Maputo,Mecuburi,ATM,3.0
2025,Q3,District,Cidade de Maputo,Mecuburi,POS,2.0
2025,Q3,District,Cidade de Maputo,Mecuburi,TOTAL,942.0
2025,Q3,District,Cidade de Maputo,Memba,Agências(1),1.0
2025,Q3,District,Cidade de Maputo,Memba,Agências Microbancos e Cooperativas de Crédito,0.0
2025,Q3,District,Cidade de Maputo,Memba,Agentes Bancários (2),0.0
2025,Q3,District,Cidade de Maputo,Memba,Agentes Não Bancários (IME) (3),1154.0
2025,Q3,District,Cidade de Maputo,Memba,Operadores de Microcrédito,0.0
2025,Q3,District,Cidade de Maputo,Memba,Instituições Seguradoras,0.0
2025,Q3,District,Cidade de Maputo,Memba,ATM,1.0
2025,Q3,District,Cidade de Maputo,Memba,POS,2.0
2025,Q3,District,Cidade de Maputo,Memba,TOTAL,1158.0
2025,Q3,District,Cidade de Maputo,Mogincual,Agências(1),1.0
2025,Q3,District,Cidade de Maputo,Mogincual,Agências Microbancos e Cooperativas de Crédito,0.0
2025,Q3,District,Cidade de Maputo,Mogincual,Agentes Bancários (2),0.0
2025,Q3,District,Cidade de Maputo,Mogincual,Agentes Não Bancários (IME) (3),1004.0
2025,Q3,District,Cidade de Maputo,Mogincual,Operadores de Microcrédito,0.0
2025,Q3,District,Cidade de Maputo,Mogincual,Instituições Seguradoras,0.0
2025,Q3,District,Cidade de Maputo,Mogincual,ATM,1.0
2025,Q3,District,Cidade de Maputo,Mogincual,POS,5.0
2025,Q3,District,Cidade de Maputo,Mogincual,TOTAL,1011.0
2025,Q3,District,Cidade de Maputo,Mogovolas,Agências(1),1.0
2025,Q3,District,Cidade de Maputo,Mogovolas,Agências Microbancos e Cooperativas de Crédito,0.0
2025,Q3,District,Cidade de Maputo,Mogovolas,Agentes Bancários (2),0.0
2025,Q3,District,Cidade de Maputo,Mogovolas,Agentes Não Bancários (IME) (3),1885.0
2025,Q3,District,Cidade de Maputo,Mogovolas,Operadores de Microcrédito,0.0
2025,Q3,District,Cidade de Maputo,Mogovolas,Instituições Seguradoras,0.0
2025,Q3,District,Cidade de Maputo,Mogovolas,ATM,3.0
2025,Q3,District,Cidade de Maputo,Mogovolas,POS,6.0
2025,Q3,District,Cidade de Maputo,Mogovolas,TOTAL,1895.0
2025,Q3,District,Cidade de Maputo,Moma,Agências(1),2.0
2025,Q3,District,Cidade de Maputo,Moma,Agências Microbancos e Cooperativas de Crédito,0.0
2025,Q3,District,Cidade de Maputo,Moma,Agentes Bancários (2),0.0
2025,Q3,District,Cidade de Maputo,Moma,Agentes Não Bancários (IME) (3),2260.0
2025,Q3,District,Cidade de Maputo,Moma,Operadores de Microcrédito,1.0
2025,Q3,District,Cidade de Maputo,Moma,Instituições Seguradoras,0.0
2025,Q3,District,Cidade de Maputo,Moma,ATM,3.0
2025,Q3,District,Cidade de Maputo,Moma,POS,18.0
2025,Q3,District,Cidade de Maputo,Moma,TOTAL,2284.0
2025,Q3,District,Cidade de Maputo,Monapo,Agências(1),2.0
2025,Q3,District,Cidade de Maputo,Monapo,Agências Microbancos e Cooperativas de Crédito,0.0
2025,Q3,District,Cidade de Maputo,Monapo,Agentes Bancários (2),1.0
2025,Q3,District,Cidade de Maputo,Monapo,Agentes Não Bancários (IME) (3),2299.0
2025,Q3,District,Cidade de Maputo,Monapo,Operadores de Microcrédito,0.0
2025,Q3,District,Cidade de Maputo,Monapo,Instituições Seguradoras,0.0
2025,Q3,District,Cidade de Maputo,Monapo,ATM,5.0
2025,Q3,District,Cidade de Maputo,Monapo,POS,17.0
2025,Q3,District,Cidade de Maputo,Monapo,TOTAL,2324.0
2025,Q3,District,Cidade de Maputo,Mossuril,Agências(1),1.0
2025,Q3,District,Cidade de Maputo,Mossuril,Agências Microbancos e Cooperativas de Crédito,0.0
2025,Q3,District,Cidade de Maputo,Mossuril,Agentes Bancários (2),0.0
2025,Q3,District,Cidade de Maputo,Mossuril,Agentes Não Bancários (IME) (3),670.0
2025,Q3,District,Cidade de Maputo,Mossuril,Operadores de Microcrédito,2.0
2025,Q3,District,Cidade de Maputo,Mossuril,Instituições Seguradoras,0.0
2025,Q3,District,Cidade de Maputo,Mossuril,ATM,2.0
2025,Q3,District,Cidade de Maputo,Mossuril,POS,11.0
2025,Q3,District,Cidade de Maputo,Mossuril,TOTAL,686.0
2025,Q3,District,Cidade de Maputo,Muecate,Agências(1),1.0
2025,Q3,District,Cidade de Maputo,Muecate,Agências Microbancos e Cooperativas de Crédito,0.0
2025,Q3,District,Cidade de Maputo,Muecate,Agentes Bancários (2),1.0
2025,Q3,District,Cidade de Maputo,Muecate,Agentes Não Bancários (IME) (3),838.0
2025,Q3,District,Cidade de Maputo,Muecate,Operadores de Microcrédito,0.0
2025,Q3,District,Cidade de Maputo,Muecate,Instituições Seguradoras,0.0
2025,Q3,District,Cidade de Maputo,Muecate,ATM,1.0
2025,Q3,District,Cidade de Maputo,Muecate,POS,2.0
2025,Q3,District,Cidade de Maputo,Muecate,TOTAL,843.0
2025,Q3,District,Cidade de Maputo,Murrupula,Agências(1),1.0
2025,Q3,District,Cidade de Maputo,Murrupula,Agências Microbancos e Cooperativas de Crédito,0.0
2025,Q3,District,Cidade de Maputo,Murrupula,Agentes Bancários (2),0.0
2025,Q3,District,Cidade de Maputo,Murrupula,Agentes Não Bancários (IME) (3),1439.0
2025,Q3,District,Cidade de Maputo,Murrupula,Operadores de Microcrédito,1.0
2025,Q3,District,Cidade de Maputo,Murrupula,Instituições Seguradoras,0.0
2025,Q3,District,Cidade de Maputo,Murrupula,ATM,2.0
2025,Q3,District,Cidade de Maputo,Murrupula,POS,6.0
2025,Q3,District,Cidade de Maputo,Murrupula,TOTAL,1449.0
2025,Q3,District,Cidade de Maputo,Nacala-Velha,Agências(1),2.0
2025,Q3,District,Cidade de Maputo,Nacala-Velha,Agências Microbancos e Cooperativas de Crédito,0.0
2025,Q3,District,Cidade de Maputo,Nacala-Velha,Agentes Bancários (2),0.0
2025,Q3,District,Cidade de Maputo,Nacala-Velha,Agentes Não Bancários (IME) (3),652.0
2025,Q3,District,Cidade de Maputo,Nacala-Velha,Operadores de Microcrédito,9.0
2025,Q3,District,Cidade de Maputo,Nacala-Velha,Instituições Seguradoras,1.0
2025,Q3,District,Cidade de Maputo,Nacala-Velha,ATM,4.0
2025,Q3,District,Cidade de Maputo,Nacala-Velha,POS,9.0
2025,Q3,District,Cidade de Maputo,Nacala-Velha,TOTAL,677.0
2025,Q3,District,Cidade de Maputo,Nacaroa,Agências(1),1.0
2025,Q3,District,Cidade de Maputo,Nacaroa,Agências Microbancos e Cooperativas de Crédito,0.0
2025,Q3,District,Cidade de Maputo,Nacaroa,Agentes Bancários (2),0.0
2025,Q3,District,Cidade de Maputo,Nacaroa,Agentes Não Bancários (IME) (3),669.0
2025,Q3,District,Cidade de Maputo,Nacaroa,Operadores de Microcrédito,1.0
2025,Q3,District,Cidade de Maputo,Nacaroa,Instituições Seguradoras,0.0
2025,Q3,District,Cidade de Maputo,Nacaroa,ATM,1.0
2025,Q3,District,Cidade de Maputo,Nacaroa,POS,2.0
2025,Q3,District,Cidade de Maputo,Nacaroa,TOTAL,674.0
2025,Q3,District,Cidade de Maputo,Erati,Agências(1),1.0
2025,Q3,District,Cidade de Maputo,Erati,Agências Microbancos e Cooperativas de Crédito,0.0
2025,Q3,District,Cidade de Maputo,Erati,Agentes Bancários (2),0.0
2025,Q3,District,Cidade de Maputo,Erati,Agentes Não Bancários (IME) (3),1313.0
2025,Q3,District,Cidade de Maputo,Erati,Operadores de Microcrédito,0.0
2025,Q3,District,Cidade de Maputo,Erati,Instituições Seguradoras,0.0
2025,Q3,District,Cidade de Maputo,Erati,ATM,2.0
2025,Q3,District,Cidade de Maputo,Erati,POS,6.0
2025,Q3,District,Cidade de Maputo,Erati,TOTAL,1322.0
2025,Q3,District,Cidade de Maputo,Rapale,Agências(1),0.0
2025,Q3,District,Cidade de Maputo,Rapale,Agências Microbancos e Cooperativas de Crédito,0.0
2025,Q3,District,Cidade de Maputo,Rapale,Agentes Bancários (2),1.0
2025,Q3,District,Cidade de Maputo,Rapale,Agentes Não Bancários (IME) (3),632.0
2025,Q3,District,Cidade de Maputo,Rapale,Operadores de Microcrédito,2.0
2025,Q3,District,Cidade de Maputo,Rapale,Instituições Seguradoras,0.0
2025,Q3,District,Cidade de Maputo,Rapale,ATM,0.0
2025,Q3,District,Cidade de Maputo,Rapale,POS,8.0
2025,Q3,District,Cidade de Maputo,Rapale,TOTAL,643.0
2025,Q3,District,Cidade de Maputo,Ribaué,Agências(1),3.0
2025,Q3,District,Cidade de Maputo,Ribaué,Agências Microbancos e Cooperativas de Crédito,0.0
2025,Q3,District,Cidade de Maputo,Ribaué,Agentes Bancários (2),2.0
2025,Q3,District,Cidade de Maputo,Ribaué,Agentes Não Bancários (IME) (3),1651.0
2025,Q3,District,Cidade de Maputo,Ribaué,Operadores de Microcrédito,2.0
2025,Q3,District,Cidade de Maputo,Ribaué,Instituições Seguradoras,1.0
2025,Q3,District,Cidade de Maputo,Ribaué,ATM,6.0
2025,Q3,District,Cidade de Maputo,Ribaué,POS,24.0
2025,Q3,District,Cidade de Maputo,Ribaué,TOTAL,1689.0
2025,Q3,District,Cidade de Maputo,Larde,Agências(1),1.0
2025,Q3,District,Cidade de Maputo,Larde,Agências Microbancos e Cooperativas de Crédito,0.0
2025,Q3,District,Cidade de Maputo,Larde,Agentes Bancários (2),0.0
2025,Q3,District,Cidade de Maputo,Larde,Agentes Não Bancários (IME) (3),31.0
2025,Q3,District,Cidade de Maputo,Larde,Operadores de Microcrédito,0.0
2025,Q3,District,Cidade de Maputo,Larde,Instituições Seguradoras,0.0
2025,Q3,District,Cidade de Maputo,Larde,ATM,0.0
2025,Q3,District,Cidade de Maputo,Larde,POS,0.0
2025,Q3,District,Cidade de Maputo,Larde,TOTAL,32.0
2025,Q3,District,Cidade de Maputo,Liúpo,Agências(1),0.0
2025,Q3,District,Cidade de Maputo,Liúpo,Agências Microbancos e Cooperativas de Crédito,0.0
2025,Q3,District,Cidade de Maputo,Liúpo,Agentes Bancários (2),0.0
2025,Q3,District,Cidade de Maputo,Liúpo,Agentes Não Bancários (IME) (3),80.0
2025,Q3,District,Cidade de Maputo,Liúpo,Operadores de Microcrédito,0.0
2025,Q3,District,Cidade de Maputo,Liúpo,Instituições Seguradoras,0.0
2025,Q3,District,Cidade de Maputo,Liúpo,ATM,0.0
2025,Q3,District,Cidade de Maputo,Liúpo,POS,0.0
2025,Q3,District,Cidade de Maputo,Liúpo,TOTAL,80.0
2025,Q3,District,Cidade de Maputo,Cabo Delgado,Agências(1),38.0
2025,Q3,District,Cidade de Maputo,Cabo Delgado,Agências Microbancos e Cooperativas de Crédito,2.0
2025,Q3,District,Cidade de Maputo,Cabo Delgado,Agentes Bancários (2),13.0
2025,Q3,District,Cidade de Maputo,Cabo Delgado,Agentes Não Bancários (IME) (3),22991.0
2025,Q3,District,Cidade de Maputo,Cabo Delgado,Operadores de Microcrédito,69.0
2025,Q3,District,Cidade de Maputo,Cabo Delgado,Instituições Seguradoras,5.0
2025,Q3,District,Cidade de Maputo,Cabo Delgado,ATM,79.0
2025,Q3,District,Cidade de Maputo,Cabo Delgado,POS,1084.0
2025,Q3,District,Cidade de Maputo,Cabo Delgado,TOTAL,24281.0
2025,Q3,District,Cidade de Maputo,Pemba,Agências(1),18.0
2025,Q3,District,Cidade de Maputo,Pemba,Agências Microbancos e Cooperativas de Crédito,2.0
2025,Q3,District,Cidade de Maputo,Pemba,Agentes Bancários (2),10.0
2025,Q3,District,Cidade de Maputo,Pemba,Agentes Não Bancários (IME) (3),9023.0
2025,Q3,District,Cidade de Maputo,Pemba,Operadores de Microcrédito,60.0
2025,Q3,District,Cidade de Maputo,Pemba,Instituições Seguradoras,5.0
2025,Q3,District,Cidade de Maputo,Pemba,ATM,37.0
2025,Q3,District,Cidade de Maputo,Pemba,POS,908.0
2025,Q3,District,Cidade de Maputo,Pemba,TOTAL,10063.0
2025,Q3,District,Cidade de Maputo,Ancuabe,Agências(1),1.0
2025,Q3,District,Cidade de Maputo,Ancuabe,Agências Microbancos e Cooperativas de Crédito,0.0
2025,Q3,District,Cidade de Maputo,Ancuabe,Agentes Bancários (2),0.0
2025,Q3,District,Cidade de Maputo,Ancuabe,Agentes Não Bancários (IME) (3),714.0
2025,Q3,District,Cidade de Maputo,Ancuabe,Operadores de Microcrédito,1.0
2025,Q3,District,Cidade de Maputo,Ancuabe,Instituições Seguradoras,0.0
2025,Q3,District,Cidade de Maputo,Ancuabe,ATM,1.0
2025,Q3,District,Cidade de Maputo,Ancuabe,POS,6.0
2025,Q3,District,Cidade de Maputo,Ancuabe,TOTAL,723.0
2025,Q3,District,Cidade de Maputo,Balama,Agências(1),2.0
2025,Q3,District,Cidade de Maputo,Balama,Agências Microbancos e Cooperativas de Crédito,0.0
2025,Q3,District,Cidade de Maputo,Balama,Agentes Bancários (2),0.0
2025,Q3,District,Cidade de Maputo,Balama,Agentes Não Bancários (IME) (3),720.0
2025,Q3,District,Cidade de Maputo,Balama,Operadores de Microcrédito,1.0
2025,Q3,District,Cidade de Maputo,Balama,Instituições Seguradoras,0.0
2025,Q3,District,Cidade de Maputo,Balama,ATM,5.0
2025,Q3,District,Cidade de Maputo,Balama,POS,5.0
2025,Q3,District,Cidade de Maputo,Balama,TOTAL,733.0
2025,Q3,District,Cidade de Maputo,Chiúre,Agências(1),2.0
2025,Q3,District,Cidade de Maputo,Chiúre,Agências Microbancos e Cooperativas de Crédito,0.0
2025,Q3,District,Cidade de Maputo,Chiúre,Agentes Bancários (2),1.0
2025,Q3,District,Cidade de Maputo,Chiúre,Agentes Não Bancários (IME) (3),1582.0
2025,Q3,District,Cidade de Maputo,Chiúre,Operadores de Microcrédito,0.0
2025,Q3,District,Cidade de Maputo,Chiúre,Instituições Seguradoras,0.0
2025,Q3,District,Cidade de Maputo,Chiúre,ATM,4.0
2025,Q3,District,Cidade de Maputo,Chiúre,POS,18.0
2025,Q3,District,Cidade de Maputo,Chiúre,TOTAL,1607.0
2025,Q3,District,Cidade de Maputo,Ibo,Agências(1),0.0
2025,Q3,District,Cidade de Maputo,Ibo,Agências Microbancos e Cooperativas de Crédito,0.0
2025,Q3,District,Cidade de Maputo,Ibo,Agentes Bancários (2),0.0
2025,Q3,District,Cidade de Maputo,Ibo,Agentes Não Bancários (IME) (3),25.0
2025,Q3,District,Cidade de Maputo,Ibo,Operadores de Microcrédito,0.0
2025,Q3,District,Cidade de Maputo,Ibo,Instituições Seguradoras,0.0
2025,Q3,District,Cidade de Maputo,Ibo,ATM,0.0
2025,Q3,District,Cidade de Maputo,Ibo,POS,2.0
2025,Q3,District,Cidade de Maputo,Ibo,TOTAL,27.0
2025,Q3,District,Cidade de Maputo,Macomia,Agências(1),1.0
2025,Q3,District,Cidade de Maputo,Macomia,Agências Microbancos e Cooperativas de Crédito,0.0
2025,Q3,District,Cidade de Maputo,Macomia,Agentes Bancários (2),0.0
2025,Q3,District,Cidade de Maputo,Macomia,Agentes Não Bancários (IME) (3),429.0
2025,Q3,District,Cidade de Maputo,Macomia,Operadores de Microcrédito,1.0
2025,Q3,District,Cidade de Maputo,Macomia,Instituições Seguradoras,0.0
2025,Q3,District,Cidade de Maputo,Macomia,ATM,0.0
2025,Q3,District,Cidade de Maputo,Macomia,POS,2.0
2025,Q3,District,Cidade de Maputo,Macomia,TOTAL,433.0
2025,Q3,District,Cidade de Maputo,Mecufi,Agências(1),1.0
2025,Q3,District,Cidade de Maputo,Mecufi,Agências Microbancos e Cooperativas de Crédito,0.0
2025,Q3,District,Cidade de Maputo,Mecufi,Agentes Bancários (2),0.0
2025,Q3,District,Cidade de Maputo,Mecufi,Agentes Não Bancários (IME) (3),356.0
2025,Q3,District,Cidade de Maputo,Mecufi,Operadores de Microcrédito,0.0
2025,Q3,District,Cidade de Maputo,Mecufi,Instituições Seguradoras,0.0
2025,Q3,District,Cidade de Maputo,Mecufi,ATM,1.0
2025,Q3,District,Cidade de Maputo,Mecufi,POS,7.0
2025,Q3,District,Cidade de Maputo,Mecufi,TOTAL,365.0
2025,Q3,District,Cidade de Maputo,Meluco,Agências(1),0.0
2025,Q3,District,Cidade de Maputo,Meluco,Agências Microbancos e Cooperativas de Crédito,0.0
2025,Q3,District,Cidade de Maputo,Meluco,Agentes Bancários (2),0.0
2025,Q3,District,Cidade de Maputo,Meluco,Agentes Não Bancários (IME) (3),300.0
2025,Q3,District,Cidade de Maputo,Meluco,Operadores de Microcrédito,0.0
2025,Q3,District,Cidade de Maputo,Meluco,Instituições Seguradoras,0.0
2025,Q3,District,Cidade de Maputo,Meluco,ATM,0.0
2025,Q3,District,Cidade de Maputo,Meluco,POS,8.0
2025,Q3,District,Cidade de Maputo,Meluco,TOTAL,308.0
2025,Q3,District,Cidade de Maputo,Mocimboa da Praia,Agências(1),0.0
2025,Q3,District,Cidade de Maputo,Mocimboa da Praia,Agências Microbancos e Cooperativas de Crédito,0.0
2025,Q3,District,Cidade de Maputo,Mocimboa da Praia,Agentes Bancários (2),0.0
2025,Q3,District,Cidade de Maputo,Mocimboa da Praia,Agentes Não Bancários (IME) (3),763.0
2025,Q3,District,Cidade de Maputo,Mocimboa da Praia,Operadores de Microcrédito,1.0
2025,Q3,District,Cidade de Maputo,Mocimboa da Praia,Instituições Seguradoras,0.0
2025,Q3,District,Cidade de Maputo,Mocimboa da Praia,ATM,1.0
2025,Q3,District,Cidade de Maputo,Mocimboa da Praia,POS,7.0
2025,Q3,District,Cidade de Maputo,Mocimboa da Praia,TOTAL,772.0
2025,Q3,District,Cidade de Maputo,Montepuez,Agências(1),3.0
2025,Q3,District,Cidade de Maputo,Montepuez,Agências Microbancos e Cooperativas de Crédito,0.0
2025,Q3,District,Cidade de Maputo,Montepuez,Agentes Bancários (2),1.0
2025,Q3,District,Cidade de Maputo,Montepuez,Agentes Não Bancários (IME) (3),3977.0
2025,Q3,District,Cidade de Maputo,Montepuez,Operadores de Microcrédito,5.0
2025,Q3,District,Cidade de Maputo,Montepuez,Instituições Seguradoras,0.0
2025,Q3,District,Cidade de Maputo,Montepuez,ATM,9.0
2025,Q3,District,Cidade de Maputo,Montepuez,POS,56.0
2025,Q3,District,Cidade de Maputo,Montepuez,TOTAL,4051.0
2025,Q3,District,Cidade de Maputo,Mueda,Agências(1),3.0
2025,Q3,District,Cidade de Maputo,Mueda,Agências Microbancos e Cooperativas de Crédito,0.0
2025,Q3,District,Cidade de Maputo,Mueda,Agentes Bancários (2),0.0
2025,Q3,District,Cidade de Maputo,Mueda,Agentes Não Bancários (IME) (3),2716.0
2025,Q3,District,Cidade de Maputo,Mueda,Operadores de Microcrédito,0.0
2025,Q3,District,Cidade de Maputo,Mueda,Instituições Seguradoras,0.0
2025,Q3,District,Cidade de Maputo,Mueda,ATM,5.0
2025,Q3,District,Cidade de Maputo,Mueda,POS,7.0
2025,Q3,District,Cidade de Maputo,Mueda,TOTAL,2731.0
2025,Q3,District,Cidade de Maputo,Muidumbe,Agências(1),1.0
2025,Q3,District,Cidade de Maputo,Muidumbe,Agências Microbancos e Cooperativas de Crédito,0.0
2025,Q3,District,Cidade de Maputo,Muidumbe,Agentes Bancários (2),0.0
2025,Q3,District,Cidade de Maputo,Muidumbe,Agentes Não Bancários (IME) (3),58.0
2025,Q3,District,Cidade de Maputo,Muidumbe,Operadores de Microcrédito,0.0
2025,Q3,District,Cidade de Maputo,Muidumbe,Instituições Seguradoras,0.0
2025,Q3,District,Cidade de Maputo,Muidumbe,ATM,0.0
2025,Q3,District,Cidade de Maputo,Muidumbe,POS,0.0
2025,Q3,District,Cidade de Maputo,Muidumbe,TOTAL,59.0
2025,Q3,District,Cidade de Maputo,Namuno,Agências(1),1.0
2025,Q3,District,Cidade de Maputo,Namuno,Agências Microbancos e Cooperativas de Crédito,0.0
2025,Q3,District,Cidade de Maputo,Namuno,Agentes Bancários (2),1.0
2025,Q3,District,Cidade de Maputo,Namuno,Agentes Não Bancários (IME) (3),985.0
2025,Q3,District,Cidade de Maputo,Namuno,Operadores de Microcrédito,0.0
2025,Q3,District,Cidade de Maputo,Namuno,Instituições Seguradoras,0.0
2025,Q3,District,Cidade de Maputo,Namuno,ATM,2.0
2025,Q3,District,Cidade de Maputo,Namuno,POS,4.0
2025,Q3,District,Cidade de Maputo,Namuno,TOTAL,993.0
2025,Q3,District,Cidade de Maputo,Nangade,Agências(1),1.0
2025,Q3,District,Cidade de Maputo,Nangade,Agências Microbancos e Cooperativas de Crédito,0.0
2025,Q3,District,Cidade de Maputo,Nangade,Agentes Bancários (2),0.0
2025,Q3,District,Cidade de Maputo,Nangade,Agentes Não Bancários (IME) (3),188.0
2025,Q3,District,Cidade de Maputo,Nangade,Operadores de Microcrédito,0.0
2025,Q3,District,Cidade de Maputo,Nangade,Instituições Seguradoras,0.0
2025,Q3,District,Cidade de Maputo,Nangade,ATM,0.0
2025,Q3,District,Cidade de Maputo,Nangade,POS,6.0
2025,Q3,District,Cidade de Maputo,Nangade,TOTAL,195.0
2025,Q3,District,Cidade de Maputo,Palma,Agências(1),3.0
2025,Q3,District,Cidade de Maputo,Palma,Agências Microbancos e Cooperativas de Crédito,0.0
2025,Q3,District,Cidade de Maputo,Palma,Agentes Bancários (2),0.0
2025,Q3,District,Cidade de Maputo,Palma,Agentes Não Bancários (IME) (3),936.0
2025,Q3,District,Cidade de Maputo,Palma,Operadores de Microcrédito,0.0
2025,Q3,District,Cidade de Maputo,Palma,Instituições Seguradoras,0.0
2025,Q3,District,Cidade de Maputo,Palma,ATM,10.0
2025,Q3,District,Cidade de Maputo,Palma,POS,37.0
2025,Q3,District,Cidade de Maputo,Palma,TOTAL,986.0
2025,Q3,District,Cidade de Maputo,Metuge,Agências(1),1.0
2025,Q3,District,Cidade de Maputo,Metuge,Agências Microbancos e Cooperativas de Crédito,0.0
2025,Q3,District,Cidade de Maputo,Metuge,Agentes Bancários (2),0.0
2025,Q3,District,Cidade de Maputo,Metuge,Agentes Não Bancários (IME) (3),189.0
2025,Q3,District,Cidade de Maputo,Metuge,Operadores de Microcrédito,0.0
2025,Q3,District,Cidade de Maputo,Metuge,Instituições Seguradoras,0.0
2025,Q3,District,Cidade de Maputo,Metuge,ATM,2.0
2025,Q3,District,Cidade de Maputo,Metuge,POS,7.0
2025,Q3,District,Cidade de Maputo,Metuge,TOTAL,199.0
2025,Q3,District,Cidade de Maputo,Quissanga,Agências(1),0.0
2025,Q3,District,Cidade de Maputo,Quissanga,Agências Microbancos e Cooperativas de Crédito,0.0
2025,Q3,District,Cidade de Maputo,Quissanga,Agentes Bancários (2),0.0
2025,Q3,District,Cidade de Maputo,Quissanga,Agentes Não Bancários (IME) (3),30.0
2025,Q3,District,Cidade de Maputo,Quissanga,Operadores de Microcrédito,0.0
2025,Q3,District,Cidade de Maputo,Quissanga,Instituições Seguradoras,0.0
2025,Q3,District,Cidade de Maputo,Quissanga,ATM,2.0
2025,Q3,District,Cidade de Maputo,Quissanga,POS,4.0
2025,Q3,District,Cidade de Maputo,Quissanga,TOTAL,36.0
2025,Q3,District,Cidade de Maputo,Niassa,Agências(1),27.0
2025,Q3,District,Cidade de Maputo,Niassa,Agências Microbancos e Cooperativas de Crédito,4.0
2025,Q3,District,Cidade de Maputo,Niassa,Agentes Bancários (2),15.0
2025,Q3,District,Cidade de Maputo,Niassa,Agentes Não Bancários (IME) (3),15600.0
2025,Q3,District,Cidade de Maputo,Niassa,Operadores de Microcrédito,18.0
2025,Q3,District,Cidade de Maputo,Niassa,Instituições Seguradoras,5.0
2025,Q3,District,Cidade de Maputo,Niassa,ATM,61.0
2025,Q3,District,Cidade de Maputo,Niassa,POS,515.0
2025,Q3,District,Cidade de Maputo,Niassa,TOTAL,16245.0
2025,Q3,District,Cidade de Maputo,Lichinga,Agências(1),10.0
2025,Q3,District,Cidade de Maputo,Lichinga,Agências Microbancos e Cooperativas de Crédito,2.0
2025,Q3,District,Cidade de Maputo,Lichinga,Agentes Bancários (2),13.0
2025,Q3,District,Cidade de Maputo,Lichinga,Agentes Não Bancários (IME) (3),5879.0
2025,Q3,District,Cidade de Maputo,Lichinga,Operadores de Microcrédito,14.0
2025,Q3,District,Cidade de Maputo,Lichinga,Instituições Seguradoras,3.0
2025,Q3,District,Cidade de Maputo,Lichinga,ATM,26.0
2025,Q3,District,Cidade de Maputo,Lichinga,POS,356.0
2025,Q3,District,Cidade de Maputo,Lichinga,TOTAL,6303.0
2025,Q3,District,Cidade de Maputo,Cuamba,Agências(1),6.0
2025,Q3,District,Cidade de Maputo,Cuamba,Agências Microbancos e Cooperativas de Crédito,0.0
2025,Q3,District,Cidade de Maputo,Cuamba,Agentes Bancários (2),1.0
2025,Q3,District,Cidade de Maputo,Cuamba,Agentes Não Bancários (IME) (3),2656.0
2025,Q3,District,Cidade de Maputo,Cuamba,Operadores de Microcrédito,4.0
2025,Q3,District,Cidade de Maputo,Cuamba,Instituições Seguradoras,0.0
2025,Q3,District,Cidade de Maputo,Cuamba,ATM,15.0
2025,Q3,District,Cidade de Maputo,Cuamba,POS,81.0
2025,Q3,District,Cidade de Maputo,Cuamba,TOTAL,2763.0
2025,Q3,District,Cidade de Maputo,Lago,Agências(1),2.0
2025,Q3,District,Cidade de Maputo,Lago,Agências Microbancos e Cooperativas de Crédito,0.0
2025,Q3,District,Cidade de Maputo,Lago,Agentes Bancários (2),1.0
2025,Q3,District,Cidade de Maputo,Lago,Agentes Não Bancários (IME) (3),548.0
2025,Q3,District,Cidade de Maputo,Lago,Operadores de Microcrédito,0.0
2025,Q3,District,Cidade de Maputo,Lago,Instituições Seguradoras,0.0
2025,Q3,District,Cidade de Maputo,Lago,ATM,4.0
2025,Q3,District,Cidade de Maputo,Lago,POS,19.0
2025,Q3,District,Cidade de Maputo,Lago,TOTAL,574.0
2025,Q3,District,Cidade de Maputo,Chimbonila,Agências(1),1.0
2025,Q3,District,Cidade de Maputo,Chimbonila,Agências Microbancos e Cooperativas de Crédito,0.0
2025,Q3,District,Cidade de Maputo,Chimbonila,Agentes Bancários (2),0.0
2025,Q3,District,Cidade de Maputo,Chimbonila,Agentes Não Bancários (IME) (3),342.0
2025,Q3,District,Cidade de Maputo,Chimbonila,Operadores de Microcrédito,0.0
2025,Q3,District,Cidade de Maputo,Chimbonila,Instituições Seguradoras,0.0
2025,Q3,District,Cidade de Maputo,Chimbonila,ATM,1.0
2025,Q3,District,Cidade de Maputo,Chimbonila,POS,3.0
2025,Q3,District,Cidade de Maputo,Chimbonila,TOTAL,347.0
2025,Q3,District,Cidade de Maputo,Manjune,Agências(1),1.0
2025,Q3,District,Cidade de Maputo,Manjune,Agências Microbancos e Cooperativas de Crédito,1.0
2025,Q3,District,Cidade de Maputo,Manjune,Agentes Bancários (2),0.0
2025,Q3,District,Cidade de Maputo,Manjune,Agentes Não Bancários (IME) (3),1516.0
2025,Q3,District,Cidade de Maputo,Manjune,Operadores de Microcrédito,0.0
2025,Q3,District,Cidade de Maputo,Manjune,Instituições Seguradoras,1.0
2025,Q3,District,Cidade de Maputo,Manjune,ATM,2.0
2025,Q3,District,Cidade de Maputo,Manjune,POS,16.0
2025,Q3,District,Cidade de Maputo,Manjune,TOTAL,1537.0
2025,Q3,District,Cidade de Maputo,Mandimba,Agências(1),1.0
2025,Q3,District,Cidade de Maputo,Mandimba,Agências Microbancos e Cooperativas de Crédito,1.0
2025,Q3,District,Cidade de Maputo,Mandimba,Agentes Bancários (2),0.0
2025,Q3,District,Cidade de Maputo,Mandimba,Agentes Não Bancários (IME) (3),577.0
2025,Q3,District,Cidade de Maputo,Mandimba,Operadores de Microcrédito,0.0
2025,Q3,District,Cidade de Maputo,Mandimba,Instituições Seguradoras,0.0
2025,Q3,District,Cidade de Maputo,Mandimba,ATM,2.0
2025,Q3,District,Cidade de Maputo,Mandimba,POS,8.0
2025,Q3,District,Cidade de Maputo,Mandimba,TOTAL,589.0
2025,Q3,District,Cidade de Maputo,Marrupa,Agências(1),1.0
2025,Q3,District,Cidade de Maputo,Marrupa,Agências Microbancos e Cooperativas de Crédito,0.0
2025,Q3,District,Cidade de Maputo,Marrupa,Agentes Bancários (2),0.0
2025,Q3,District,Cidade de Maputo,Marrupa,Agentes Não Bancários (IME) (3),296.0
2025,Q3,District,Cidade de Maputo,Marrupa,Operadores de Microcrédito,0.0
2025,Q3,District,Cidade de Maputo,Marrupa,Instituições Seguradoras,0.0
2025,Q3,District,Cidade de Maputo,Marrupa,ATM,2.0
2025,Q3,District,Cidade de Maputo,Marrupa,POS,7.0
2025,Q3,District,Cidade de Maputo,Marrupa,TOTAL,306.0
2025,Q3,District,Cidade de Maputo,Maúa,Agências(1),1.0
2025,Q3,District,Cidade de Maputo,Maúa,Agências Microbancos e Cooperativas de Crédito,0.0
2025,Q3,District,Cidade de Maputo,Maúa,Agentes Bancários (2),0.0
2025,Q3,District,Cidade de Maputo,Maúa,Agentes Não Bancários (IME) (3),272.0
2025,Q3,District,Cidade de Maputo,Maúa,Operadores de Microcrédito,0.0
2025,Q3,District,Cidade de Maputo,Maúa,Instituições Seguradoras,0.0
2025,Q3,District,Cidade de Maputo,Maúa,ATM,2.0
2025,Q3,District,Cidade de Maputo,Maúa,POS,0.0
2025,Q3,District,Cidade de Maputo,Maúa,TOTAL,275.0
2025,Q3,District,Cidade de Maputo,Mavago,Agências(1),1.0
2025,Q3,District,Cidade de Maputo,Mavago,Agências Microbancos e Cooperativas de Crédito,0.0
2025,Q3,District,Cidade de Maputo,Mavago,Agentes Bancários (2),0.0
2025,Q3,District,Cidade de Maputo,Mavago,Agentes Não Bancários (IME) (3),1080.0
2025,Q3,District,Cidade de Maputo,Mavago,Operadores de Microcrédito,0.0
2025,Q3,District,Cidade de Maputo,Mavago,Instituições Seguradoras,1.0
2025,Q3,District,Cidade de Maputo,Mavago,ATM,3.0
2025,Q3,District,Cidade de Maputo,Mavago,POS,11.0
2025,Q3,District,Cidade de Maputo,Mavago,TOTAL,1096.0
2025,Q3,District,Cidade de Maputo,Mecanhelas,Agências(1),1.0
2025,Q3,District,Cidade de Maputo,Mecanhelas,Agências Microbancos e Cooperativas de Crédito,0.0
2025,Q3,District,Cidade de Maputo,Mecanhelas,Agentes Bancários (2),0.0
2025,Q3,District,Cidade de Maputo,Mecanhelas,Agentes Não Bancários (IME) (3),124.0
2025,Q3,District,Cidade de Maputo,Mecanhelas,Operadores de Microcrédito,0.0
2025,Q3,District,Cidade de Maputo,Mecanhelas,Instituições Seguradoras,0.0
2025,Q3,District,Cidade de Maputo,Mecanhelas,ATM,2.0
2025,Q3,District,Cidade de Maputo,Mecanhelas,POS,4.0
2025,Q3,District,Cidade de Maputo,Mecanhelas,TOTAL,131.0
2025,Q3,District,Cidade de Maputo,Mecula,Agências(1),1.0
2025,Q3,District,Cidade de Maputo,Mecula,Agências Microbancos e Cooperativas de Crédito,0.0
2025,Q3,District,Cidade de Maputo,Mecula,Agentes Bancários (2),0.0
2025,Q3,District,Cidade de Maputo,Mecula,Agentes Não Bancários (IME) (3),411.0
2025,Q3,District,Cidade de Maputo,Mecula,Operadores de Microcrédito,0.0
2025,Q3,District,Cidade de Maputo,Mecula,Instituições Seguradoras,0.0
2025,Q3,District,Cidade de Maputo,Mecula,ATM,0.0
2025,Q3,District,Cidade de Maputo,Mecula,POS,0.0
2025,Q3,District,Cidade de Maputo,Mecula,TOTAL,412.0
2025,Q3,District,Cidade de Maputo,Metarica,Agências(1),0.0
2025,Q3,District,Cidade de Maputo,Metarica,Agências Microbancos e Cooperativas de Crédito,0.0
2025,Q3,District,Cidade de Maputo,Metarica,Agentes Bancários (2),0.0
2025,Q3,District,Cidade de Maputo,Metarica,Agentes Não Bancários (IME) (3),305.0
2025,Q3,District,Cidade de Maputo,Metarica,Operadores de Microcrédito,0.0
2025,Q3,District,Cidade de Maputo,Metarica,Instituições Seguradoras,0.0
2025,Q3,District,Cidade de Maputo,Metarica,ATM,0.0
2025,Q3,District,Cidade de Maputo,Metarica,POS,4.0
2025,Q3,District,Cidade de Maputo,Metarica,TOTAL,309.0
2025,Q3,District,Cidade de Maputo,Muembe,Agências(1),0.0
2025,Q3,District,Cidade de Maputo,Muembe,Agências Microbancos e Cooperativas de Crédito,0.0
2025,Q3,District,Cidade de Maputo,Muembe,Agentes Bancários (2),0.0
2025,Q3,District,Cidade de Maputo,Muembe,Agentes Não Bancários (IME) (3),278.0
2025,Q3,District,Cidade de Maputo,Muembe,Operadores de Microcrédito,0.0
2025,Q3,District,Cidade de Maputo,Muembe,Instituições Seguradoras,0.0
2025,Q3,District,Cidade de Maputo,Muembe,ATM,0.0
2025,Q3,District,Cidade de Maputo,Muembe,POS,0.0
2025,Q3,District,Cidade de Maputo,Muembe,TOTAL,278.0
2025,Q3,District,Cidade de Maputo,N´gauma,Agências(1),0.0
2025,Q3,District,Cidade de Maputo,N´gauma,Agências Microbancos e Cooperativas de Crédito,0.0
2025,Q3,District,Cidade de Maputo,N´gauma,Agentes Bancários (2),0.0
2025,Q3,District,Cidade de Maputo,N´gauma,Agentes Não Bancários (IME) (3),284.0
2025,Q3,District,Cidade de Maputo,N´gauma,Operadores de Microcrédito,0.0
2025,Q3,District,Cidade de Maputo,N´gauma,Instituições Seguradoras,0.0
2025,Q3,District,Cidade de Maputo,N´gauma,ATM,1.0
2025,Q3,District,Cidade de Maputo,N´gauma,POS,3.0
2025,Q3,District,Cidade de Maputo,N´gauma,TOTAL,288.0
2025,Q3,District,Cidade de Maputo,Nipepe,Agências(1),1.0
2025,Q3,District,Cidade de Maputo,Nipepe,Agências Microbancos e Cooperativas de Crédito,0.0
2025,Q3,District,Cidade de Maputo,Nipepe,Agentes Bancários (2),0.0
2025,Q3,District,Cidade de Maputo,Nipepe,Agentes Não Bancários (IME) (3),613.0
2025,Q3,District,Cidade de Maputo,Nipepe,Operadores de Microcrédito,0.0
2025,Q3,District,Cidade de Maputo,Nipepe,Instituições Seguradoras,0.0
2025,Q3,District,Cidade de Maputo,Nipepe,ATM,0.0
2025,Q3,District,Cidade de Maputo,Nipepe,POS,2.0
2025,Q3,District,Cidade de Maputo,Nipepe,TOTAL,616.0
2025,Q3,District,Cidade de Maputo,Sanga,Agências(1),0.0
2025,Q3,District,Cidade de Maputo,Sanga,Agências Microbancos e Cooperativas de Crédito,0.0
2025,Q3,District,Cidade de Maputo,Sanga,Agentes Bancários (2),0.0
2025,Q3,District,Cidade de Maputo,Sanga,Agentes Não Bancários (IME) (3),419.0
2025,Q3,District,Cidade de Maputo,Sanga,Operadores de Microcrédito,0.0
2025,Q3,District,Cidade de Maputo,Sanga,Instituições Seguradoras,0.0
2025,Q3,District,Cidade de Maputo,Sanga,ATM,1.0
2025,Q3,District,Cidade de Maputo,Sanga,POS,1.0
2025,Q3,District,Cidade de Maputo,Sanga,TOTAL,421.0
