Year,Month,Province,District,Subscribers
2025,Abril,Gaza,Bilene-Macia,185242.0
2025,Abril,Gaza,Chibuto,158587.0
2025,Abril,Gaza,Chicualacuala,16827.0
2025,Abril,Gaza,Chigubo,9502.0
2025,Abril,Gaza,Chonguene,99567.0
2025,Abril,Gaza,Chókwè,169647.0
2025,Abril,Gaza,Cidade de Xai-Xai,192708.0
2025,Abril,Gaza,Guijá,53769.0
2025,Abril,Gaza,Limpopo,97073.0
2025,Abril,Gaza,Mabalane,18148.0
2025,Abril,Gaza,Manjacaze,109740.0
2025,Abril,Gaza,Mapai,22638.0
2025,Abril,Gaza,Massangena,8916.0
2025,Abril,Gaza,Massingir,14364.0
2025,Abril,Inhambane,Cidade de Inhambane,118482.0
2025,Abril,Inhambane,Cidade de Maxixe,156099.0
2025,Abril,Inhambane,Funhaloro,19309.0
2025,Abril,Inhambane,Govuro,36954.0
2025,Abril,Inhambane,Homoine,64943.0
2025,Abril,Inhambane,Inharrime,95271.0
2025,Abril,Inhambane,Inhassoro,59982.0
2025,Abril,Inhambane,Jangamo,76835.0
2025,Abril,Inhambane,Mabote,25379.0
2025,Abril,Inhambane,Massinga,180971.0
2025,Abril,Inhambane,Morrumbene,78652.0
2025,Abril,Inhambane,Panda,29387.0
2025,Abril,Inhambane,Vilankulo,145290.0
2025,Abril,Inhambane,Zavala (Quissico),115681.0
2025,Abril,Manica,Bárue,141155.0
2025,Abril,Manica,Cidade de Chimoio,613295.0
2025,Abril,Manica,Gondola,187758.0
2025,Abril,Manica,Guro,57786.0
2025,Abril,Manica,Macate,31370.0
2025,Abril,Manica,Machaze,38348.0
2025,Abril,Manica,Macossa,21145.0
2025,Abril,Manica,Manica,209371.0
2025,Abril,Manica,Mossurize,44971.0
2025,Abril,Manica,Sussundenga,107187.0
2025,Abril,Manica,Tambara,25192.0
2025,Abril,Manica,Vanduzi,111960.0
2025,Abril,Nampula,Ancuabe,93442.0
2025,Abril,Nampula,Angoche,380254.0
2025,Abril,Nampula,Balama,68994.0
2025,Abril,Nampula,Cabo-Delgado,1439203.0
2025,Abril,Nampula,Chiúre,119896.0
2025,Abril,Nampula,Cidade de Nacala-Porto,496145.0
2025,Abril,Nampula,Cidade de Nampula,1512684.0
2025,Abril,Nampula,Cidade de Pemba,336202.0
2025,Abril,Nampula,Ibo,9645.0
2025,Abril,Nampula,Ilha de Moçambique,71355.0
2025,Abril,Nampula,Lalaua,26756.0
2025,Abril,Nampula,Larde,8256.0
2025,Abril,Nampula,Liupo,9601.0
2025,Abril,Nampula,Macomia,44507.0
2025,Abril,Nampula,Malema,94227.0
2025,Abril,Nampula,Meconta (Namialo),553762.0
2025,Abril,Nampula,Mecuburi,68157.0
2025,Abril,Nampula,Mecufi,20142.0
2025,Abril,Nampula,Meluco,14246.0
2025,Abril,Nampula,Memba,116915.0
2025,Abril,Nampula,Mocimboa da Praia,88862.0
2025,Abril,Nampula,Mogincual,96556.0
2025,Abril,Nampula,Mogovolas,144246.0
2025,Abril,Nampula,Moma,201223.0
2025,Abril,Nampula,Monapo,190846.0
2025,Abril,Nampula,Montepuez,214904.0
2025,Abril,Nampula,Mossuril,81715.0
2025,Abril,Nampula,Muecate,63543.0
2025,Abril,Nampula,Mueda,131910.0
2025,Abril,Nampula,Muidumbe,24055.0
2025,Abril,Nampula,Murrupula,101449.0
2025,Abril,Nampula,Nacala-Velha,53119.0
2025,Abril,Nampula,Nacaroa,60930.0
2025,Abril,Nampula,Namapa-Erati,109511.0
2025,Abril,Nampula,Namuno,68433.0
2025,Abril,Nampula,Nangade,41619.0
2025,Abril,Nampula,Palma,71115.0
2025,Abril,Nampula,Pemba-Metuge,78174.0
2025,Abril,Nampula,Quissanga,13057.0
2025,Abril,Nampula,Rapale-Nampula,132060.0
2025,Abril,Nampula,Ribaué,133983.0
2025,Abril,Niassa,Chimbunhila,38901.0
2025,Abril,Niassa,Cidade de Lichinga,346124.0
2025,Abril,Niassa,Cuamba,205567.0
2025,Abril,Niassa,Lago,65108.0
2025,Abril,Niassa,Mandimba,130228.0
2025,Abril,Niassa,Manjune,27515.0
2025,Abril,Niassa,Marrupa,42440.0
2025,Abril,Niassa,Mavago,14220.0
2025,Abril,Niassa,Maúa,44719.0
2025,Abril,Niassa,Mecanhelas,86460.0
2025,Abril,Niassa,Mecula,9072.0
2025,Abril,Niassa,Metarica,31566.0
2025,Abril,Niassa,Muembe,26695.0
2025,Abril,Niassa,Nipepe,23152.0
2025,Abril,Niassa,N´gauma,30549.0
2025,Abril,Niassa,Sanga,64052.0
2025,Abril,Província de Maputo,Boane,351251.0
2025,Abril,Província de Maputo,Cidade da Matola,1511951.0
2025,Abril,Província de Maputo,Cidade de Maputo,2079284.0
2025,Abril,Província de Maputo,Magude,47965.0
2025,Abril,Província de Maputo,Manhiça,227302.0
2025,Abril,Província de Maputo,Marracuene,346496.0
2025,Abril,Província de Maputo,Matutuíne,59696.0
2025,Abril,Província de Maputo,Moamba,174774.0
2025,Abril,Província de Maputo,Namaacha,45487.0
2025,Abril,Sofala,Buzi,72015.0
2025,Abril,Sofala,Caia,133308.0
2025,Abril,Sofala,Chemba,33209.0
2025,Abril,Sofala,Cheringoma,33047.0
2025,Abril,Sofala,Chibabava,45501.0
2025,Abril,Sofala,Cidade da Beira,863552.0
2025,Abril,Sofala,Dondo,216208.0
2025,Abril,Sofala,Gorongoza,108916.0
2025,Abril,Sofala,Machanga,21114.0
2025,Abril,Sofala,Maringue,61899.0
2025,Abril,Sofala,Marromeu,94967.0
2025,Abril,Sofala,Muanza,20131.0
2025,Abril,Sofala,Nhamatanda,184796.0
2025,Abril,Tete,Angónia,183370.0
2025,Abril,Tete,Cahora-Bassa,104668.0
2025,Abril,Tete,Changara,87546.0
2025,Abril,Tete,Chifunde,26402.0
2025,Abril,Tete,Chiuta,36470.0
2025,Abril,Tete,Cidade de Tete,530520.0
2025,Abril,Tete,Doa,24454.0
2025,Abril,Tete,Macanga,77280.0
2025,Abril,Tete,Marara,51317.0
2025,Abril,Tete,Maravia,12182.0
2025,Abril,Tete,Moatize,238534.0
2025,Abril,Tete,Mutarara,57275.0
2025,Abril,Tete,Mágoe,37301.0
2025,Abril,Tete,Tsangano,74124.0
2025,Abril,Tete,Zumbo,10038.0
2025,Abril,Zambézia,Alto Molócuè,183125.0
2025,Abril,Zambézia,Chinde,24804.0
2025,Abril,Zambézia,Cidade de Quelimane,458410.0
2025,Abril,Zambézia,Derre,15562.0
2025,Abril,Zambézia,Gilé,101869.0
2025,Abril,Zambézia,Gurúè,225328.0
2025,Abril,Zambézia,Ile,89450.0
2025,Abril,Zambézia,Inhassunge,37432.0
2025,Abril,Zambézia,Luabo,14776.0
2025,Abril,Zambézia,Lugela,82206.0
2025,Abril,Zambézia,Maganja da Costa,105142.0
2025,Abril,Zambézia,Milange,273281.0
2025,Abril,Zambézia,Mocuba,331532.0
2025,Abril,Zambézia,Mocubela,22403.0
2025,Abril,Zambézia,Molumbo,95996.0
2025,Abril,Zambézia,Mopeia,84529.0
2025,Abril,Zambézia,Morrumbala,136304.0
2025,Abril,Zambézia,Mulevala,70002.0
2025,Abril,Zambézia,Namacurra,97587.0
2025,Abril,Zambézia,Namarroi,63585.0
2025,Abril,Zambézia,Nicoadala,158893.0
2025,Abril,Zambézia,Pebane,108904.0
2025,Agosto,Gaza,Bilene-Macia,236810.0
2025,Agosto,Gaza,Chibuto,194750.0
2025,Agosto,Gaza,Chicualacuala,19607.0
2025,Agosto,Gaza,Chigubo,11449.0
2025,Agosto,Gaza,Chonguene,126980.0
2025,Agosto,Gaza,Chókwè,204037.0
2025,Agosto,Gaza,Cidade de Xai-Xai,197686.0
2025,Agosto,Gaza,Guijá,55590.0
2025,Agosto,Gaza,Limpopo,91308.0
2025,Agosto,Gaza,Mabalane,19317.0
2025,Agosto,Gaza,Manjacaze,110468.0
2025,Agosto,Gaza,Mapai,23369.0
2025,Agosto,Gaza,Massangena,10358.0
2025,Agosto,Gaza,Massingir,15468.0
2025,Agosto,Inhambane,Cidade de Inhambane,142759.0
2025,Agosto,Inhambane,Cidade de Maxixe,169871.0
2025,Agosto,Inhambane,Funhaloro,21629.0
2025,Agosto,Inhambane,Govuro,44456.0
2025,Agosto,Inhambane,Homoine,67652.0
2025,Agosto,Inhambane,Inharrime,103886.0
2025,Agosto,Inhambane,Inhassoro,61807.0
2025,Agosto,Inhambane,Jangamo,71903.0
2025,Agosto,Inhambane,Mabote,29682.0
2025,Agosto,Inhambane,Massinga,183517.0
2025,Agosto,Inhambane,Morrumbene,73210.0
2025,Agosto,Inhambane,Panda,25639.0
2025,Agosto,Inhambane,Vilankulo,132132.0
2025,Agosto,Inhambane,Zavala (Quissico),100848.0
2025,Agosto,Manica,Bárue,174268.0
2025,Agosto,Manica,Cidade de Chimoio,696192.0
2025,Agosto,Manica,Gondola,194337.0
2025,Agosto,Manica,Guro,61577.0
2025,Agosto,Manica,Macate,34710.0
2025,Agosto,Manica,Machaze,45527.0
2025,Agosto,Manica,Macossa,24696.0
2025,Agosto,Manica,Manica,221965.0
2025,Agosto,Manica,Mossurize,50714.0
2025,Agosto,Manica,Sussundenga,99926.0
2025,Agosto,Manica,Tambara,26770.0
2025,Agosto,Manica,Vanduzi,104051.0
2025,Agosto,Nampula,Ancuabe,122046.0
2025,Agosto,Nampula,Angoche,387028.0
2025,Agosto,Nampula,Balama,94994.0
2025,Agosto,Nampula,Cabo-Delgado,1576369.0
2025,Agosto,Nampula,Chiúre,161548.0
2025,Agosto,Nampula,Cidade de Nacala-Porto,515837.0
2025,Agosto,Nampula,Cidade de Nampula,1542107.0
2025,Agosto,Nampula,Cidade de Pemba,339738.0
2025,Agosto,Nampula,Ibo,11015.0
2025,Agosto,Nampula,Ilha de Moçambique,74578.0
2025,Agosto,Nampula,Lalaua,34980.0
2025,Agosto,Nampula,Larde,10930.0
2025,Agosto,Nampula,Liupo,11554.0
2025,Agosto,Nampula,Macomia,47984.0
2025,Agosto,Nampula,Malema,107932.0
2025,Agosto,Nampula,Meconta (Namialo),479906.0
2025,Agosto,Nampula,Mecuburi,78272.0
2025,Agosto,Nampula,Mecufi,20146.0
2025,Agosto,Nampula,Meluco,14773.0
2025,Agosto,Nampula,Memba,136351.0
2025,Agosto,Nampula,Mocimboa da Praia,89526.0
2025,Agosto,Nampula,Mogincual,93229.0
2025,Agosto,Nampula,Mogovolas,148794.0
2025,Agosto,Nampula,Moma,212343.0
2025,Agosto,Nampula,Monapo,170634.0
2025,Agosto,Nampula,Montepuez,213173.0
2025,Agosto,Nampula,Mossuril,66356.0
2025,Agosto,Nampula,Muecate,63843.0
2025,Agosto,Nampula,Mueda,139153.0
2025,Agosto,Nampula,Muidumbe,27098.0
2025,Agosto,Nampula,Murrupula,92035.0
2025,Agosto,Nampula,Nacala-Velha,51876.0
2025,Agosto,Nampula,Nacaroa,65957.0
2025,Agosto,Nampula,Namapa-Erati,120129.0
2025,Agosto,Nampula,Namuno,84949.0
2025,Agosto,Nampula,Nangade,41813.0
2025,Agosto,Nampula,Palma,62980.0
2025,Agosto,Nampula,Pemba-Metuge,89855.0
2025,Agosto,Nampula,Quissanga,15578.0
2025,Agosto,Nampula,Rapale-Nampula,138306.0
2025,Agosto,Nampula,Ribaué,125258.0
2025,Agosto,Niassa,Chimbunhila,48738.0
2025,Agosto,Niassa,Cidade de Lichinga,371935.0
2025,Agosto,Niassa,Cuamba,229033.0
2025,Agosto,Niassa,Lago,73870.0
2025,Agosto,Niassa,Mandimba,121702.0
2025,Agosto,Niassa,Manjune,31138.0
2025,Agosto,Niassa,Marrupa,45091.0
2025,Agosto,Niassa,Mavago,17459.0
2025,Agosto,Niassa,Maúa,48217.0
2025,Agosto,Niassa,Mecanhelas,98383.0
2025,Agosto,Niassa,Mecula,9548.0
2025,Agosto,Niassa,Metarica,32168.0
2025,Agosto,Niassa,Muembe,31143.0
2025,Agosto,Niassa,Nipepe,23877.0
2025,Agosto,Niassa,N´gauma,34144.0
2025,Agosto,Niassa,Sanga,66696.0
2025,Agosto,Província de Maputo,Boane,404725.0
2025,Agosto,Província de Maputo,Cidade da Matola,1621350.0
2025,Agosto,Província de Maputo,Cidade de Maputo,2249740.0
2025,Agosto,Província de Maputo,Magude,51530.0
2025,Agosto,Província de Maputo,Manhiça,223941.0
2025,Agosto,Província de Maputo,Marracuene,311958.0
2025,Agosto,Província de Maputo,Matutuíne,51265.0
2025,Agosto,Província de Maputo,Moamba,136676.0
2025,Agosto,Província de Maputo,Namaacha,38662.0
2025,Agosto,Sofala,Buzi,90427.0
2025,Agosto,Sofala,Caia,167887.0
2025,Agosto,Sofala,Chemba,40028.0
2025,Agosto,Sofala,Cheringoma,40083.0
2025,Agosto,Sofala,Chibabava,56998.0
2025,Agosto,Sofala,Cidade da Beira,1001960.0
2025,Agosto,Sofala,Dondo,206991.0
2025,Agosto,Sofala,Gorongoza,120493.0
2025,Agosto,Sofala,Machanga,21994.0
2025,Agosto,Sofala,Maringue,67676.0
2025,Agosto,Sofala,Marromeu,96671.0
2025,Agosto,Sofala,Muanza,21164.0
2025,Agosto,Sofala,Nhamatanda,158098.0
2025,Agosto,Tete,Angónia,233957.0
2025,Agosto,Tete,Cahora-Bassa,122726.0
2025,Agosto,Tete,Changara,108717.0
2025,Agosto,Tete,Chifunde,34437.0
2025,Agosto,Tete,Chiuta,42189.0
2025,Agosto,Tete,Cidade de Tete,546992.0
2025,Agosto,Tete,Doa,29961.0
2025,Agosto,Tete,Macanga,86138.0
2025,Agosto,Tete,Marara,44231.0
2025,Agosto,Tete,Maravia,11806.0
2025,Agosto,Tete,Moatize,198620.0
2025,Agosto,Tete,Mutarara,55164.0
2025,Agosto,Tete,Mágoe,36895.0
2025,Agosto,Tete,Tsangano,87514.0
2025,Agosto,Tete,Zumbo,11627.0
2025,Agosto,Zambézia,Alto Molócuè,221485.0
2025,Agosto,Zambézia,Chinde,30437.0
2025,Agosto,Zambézia,Cidade de Quelimane,477972.0
2025,Agosto,Zambézia,Derre,15582.0
2025,Agosto,Zambézia,Gilé,110754.0
2025,Agosto,Zambézia,Gurúè,245888.0
2025,Agosto,Zambézia,Ile,98843.0
2025,Agosto,Zambézia,Inhassunge,37615.0
2025,Agosto,Zambézia,Luabo,13748.0
2025,Agosto,Zambézia,Lugela,89531.0
2025,Agosto,Zambézia,Maganja da Costa,112327.0
2025,Agosto,Zambézia,Milange,270219.0
2025,Agosto,Zambézia,Mocuba,315446.0
2025,Agosto,Zambézia,Mocubela,20741.0
2025,Agosto,Zambézia,Molumbo,108882.0
2025,Agosto,Zambézia,Mopeia,85330.0
2025,Agosto,Zambézia,Morrumbala,138603.0
2025,Agosto,Zambézia,Mulevala,71917.0
2025,Agosto,Zambézia,Namacurra,94329.0
2025,Agosto,Zambézia,Namarroi,71062.0
2025,Agosto,Zambézia,Nicoadala,140233.0
2025,Agosto,Zambézia,Pebane,111770.0
2025,Dezembro,Gaza,Bilene-Macia,266412.0
2025,Dezembro,Gaza,Chibuto,231425.0
2025,Dezembro,Gaza,Chicualacuala,21297.0
2025,Dezembro,Gaza,Chigubo,12780.0
2025,Dezembro,Gaza,Chonguene,150236.0
2025,Dezembro,Gaza,Chókwè,222580.0
2025,Dezembro,Gaza,Cidade de Xai-Xai,205214.0
2025,Dezembro,Gaza,Guijá,66337.0
2025,Dezembro,Gaza,Limpopo,113999.0
2025,Dezembro,Gaza,Mabalane,21741.0
2025,Dezembro,Gaza,Manjacaze,111326.0
2025,Dezembro,Gaza,Mapai,26451.0
2025,Dezembro,Gaza,Massangena,11780.0
2025,Dezembro,Gaza,Massingir,17590.0
2025,Dezembro,Inhambane,Cidade de Inhambane,127575.0
2025,Dezembro,Inhambane,Cidade de Maxixe,159729.0
2025,Dezembro,Inhambane,Funhaloro,25896.0
2025,Dezembro,Inhambane,Govuro,46916.0
2025,Dezembro,Inhambane,Homoine,82652.0
2025,Dezembro,Inhambane,Inharrime,121438.0
2025,Dezembro,Inhambane,Inhassoro,66153.0
2025,Dezembro,Inhambane,Jangamo,92344.0
2025,Dezembro,Inhambane,Mabote,33468.0
2025,Dezembro,Inhambane,Massinga,214261.0
2025,Dezembro,Inhambane,Morrumbene,87741.0
2025,Dezembro,Inhambane,Panda,31518.0
2025,Dezembro,Inhambane,Vilankulo,146258.0
2025,Dezembro,Inhambane,Zavala (Quissico),124175.0
2025,Dezembro,Manica,Bárue,188027.0
2025,Dezembro,Manica,Cidade de Chimoio,747653.0
2025,Dezembro,Manica,Gondola,213152.0
2025,Dezembro,Manica,Guro,63377.0
2025,Dezembro,Manica,Macate,38184.0
2025,Dezembro,Manica,Machaze,51183.0
2025,Dezembro,Manica,Macossa,26105.0
2025,Dezembro,Manica,Manica,229547.0
2025,Dezembro,Manica,Mossurize,54818.0
2025,Dezembro,Manica,Sussundenga,109050.0
2025,Dezembro,Manica,Tambara,28219.0
2025,Dezembro,Manica,Vanduzi,118633.0
2025,Dezembro,Nampula,Ancuabe,128307.0
2025,Dezembro,Nampula,Angoche,431004.0
2025,Dezembro,Nampula,Balama,109470.0
2025,Dezembro,Nampula,Cabo-Delgado,1701893.0
2025,Dezembro,Nampula,Chiúre,175309.0
2025,Dezembro,Nampula,Cidade de Nacala-Porto,597444.0
2025,Dezembro,Nampula,Cidade de Nampula,1730592.0
2025,Dezembro,Nampula,Cidade de Pemba,317585.0
2025,Dezembro,Nampula,Ibo,12030.0
2025,Dezembro,Nampula,Ilha de Moçambique,72604.0
2025,Dezembro,Nampula,Lalaua,36681.0
2025,Dezembro,Nampula,Larde,32603.0
2025,Dezembro,Nampula,Liupo,36174.0
2025,Dezembro,Nampula,Macomia,53555.0
2025,Dezembro,Nampula,Malema,118741.0
2025,Dezembro,Nampula,Meconta (Namialo),497575.0
2025,Dezembro,Nampula,Mecuburi,85790.0
2025,Dezembro,Nampula,Mecufi,30892.0
2025,Dezembro,Nampula,Meluco,17246.0
2025,Dezembro,Nampula,Memba,147954.0
2025,Dezembro,Nampula,Mocimboa da Praia,79220.0
2025,Dezembro,Nampula,Mogincual,77567.0
2025,Dezembro,Nampula,Mogovolas,166502.0
2025,Dezembro,Nampula,Moma,217609.0
2025,Dezembro,Nampula,Monapo,189256.0
2025,Dezembro,Nampula,Montepuez,241556.0
2025,Dezembro,Nampula,Mossuril,80986.0
2025,Dezembro,Nampula,Muecate,73609.0
2025,Dezembro,Nampula,Mueda,162371.0
2025,Dezembro,Nampula,Muidumbe,31184.0
2025,Dezembro,Nampula,Murrupula,104782.0
2025,Dezembro,Nampula,Nacala-Velha,59433.0
2025,Dezembro,Nampula,Nacaroa,73703.0
2025,Dezembro,Nampula,Namapa-Erati,138849.0
2025,Dezembro,Nampula,Namuno,91083.0
2025,Dezembro,Nampula,Nangade,51613.0
2025,Dezembro,Nampula,Palma,72917.0
2025,Dezembro,Nampula,Pemba-Metuge,107025.0
2025,Dezembro,Nampula,Quissanga,20530.0
2025,Dezembro,Nampula,Rapale-Nampula,169788.0
2025,Dezembro,Nampula,Ribaué,140957.0
2025,Dezembro,Niassa,Chimbunhila,52174.0
2025,Dezembro,Niassa,Cidade de Lichinga,383719.0
2025,Dezembro,Niassa,Cuamba,242413.0
2025,Dezembro,Niassa,Lago,83895.0
2025,Dezembro,Niassa,Mandimba,130308.0
2025,Dezembro,Niassa,Manjune,34250.0
2025,Dezembro,Niassa,Marrupa,48020.0
2025,Dezembro,Niassa,Mavago,19377.0
2025,Dezembro,Niassa,Maúa,54599.0
2025,Dezembro,Niassa,Mecanhelas,117675.0
2025,Dezembro,Niassa,Mecula,9993.0
2025,Dezembro,Niassa,Metarica,36334.0
2025,Dezembro,Niassa,Muembe,33602.0
2025,Dezembro,Niassa,Nipepe,26804.0
2025,Dezembro,Niassa,N´gauma,38995.0
2025,Dezembro,Niassa,Sanga,69946.0
2025,Dezembro,Província de Maputo,Boane,425908.0
2025,Dezembro,Província de Maputo,Cidade da Matola,1501791.0
2025,Dezembro,Província de Maputo,Cidade de Maputo,2355539.0
2025,Dezembro,Província de Maputo,Magude,56938.0
2025,Dezembro,Província de Maputo,Manhiça,250564.0
2025,Dezembro,Província de Maputo,Marracuene,340947.0
2025,Dezembro,Província de Maputo,Matutuíne,62467.0
2025,Dezembro,Província de Maputo,Moamba,160119.0
2025,Dezembro,Província de Maputo,Namaacha,45134.0
2025,Dezembro,Sofala,Buzi,97471.0
2025,Dezembro,Sofala,Caia,180814.0
2025,Dezembro,Sofala,Chemba,42800.0
2025,Dezembro,Sofala,Cheringoma,43497.0
2025,Dezembro,Sofala,Chibabava,67785.0
2025,Dezembro,Sofala,Cidade da Beira,1060188.0
2025,Dezembro,Sofala,Dondo,227006.0
2025,Dezembro,Sofala,Gorongoza,131785.0
2025,Dezembro,Sofala,Machanga,29616.0
2025,Dezembro,Sofala,Maringue,72823.0
2025,Dezembro,Sofala,Marromeu,104790.0
2025,Dezembro,Sofala,Muanza,22514.0
2025,Dezembro,Sofala,Nhamatanda,176050.0
2025,Dezembro,Tete,Angónia,261680.0
2025,Dezembro,Tete,Cahora-Bassa,111848.0
2025,Dezembro,Tete,Changara,117977.0
2025,Dezembro,Tete,Chifunde,37686.0
2025,Dezembro,Tete,Chiuta,50241.0
2025,Dezembro,Tete,Cidade de Tete,537405.0
2025,Dezembro,Tete,Doa,33772.0
2025,Dezembro,Tete,Macanga,91175.0
2025,Dezembro,Tete,Marara,55351.0
2025,Dezembro,Tete,Maravia,12965.0
2025,Dezembro,Tete,Moatize,247960.0
2025,Dezembro,Tete,Mutarara,63236.0
2025,Dezembro,Tete,Mágoe,40877.0
2025,Dezembro,Tete,Tsangano,88434.0
2025,Dezembro,Tete,Zumbo,13981.0
2025,Dezembro,Zambézia,Alto Molócuè,219680.0
2025,Dezembro,Zambézia,Chinde,32597.0
2025,Dezembro,Zambézia,Cidade de Quelimane,536977.0
2025,Dezembro,Zambézia,Derre,17848.0
2025,Dezembro,Zambézia,Gilé,122968.0
2025,Dezembro,Zambézia,Gurúè,265229.0
2025,Dezembro,Zambézia,Ile,113128.0
2025,Dezembro,Zambézia,Inhassunge,44697.0
2025,Dezembro,Zambézia,Luabo,18030.0
2025,Dezembro,Zambézia,Lugela,100500.0
2025,Dezembro,Zambézia,Maganja da Costa,121913.0
2025,Dezembro,Zambézia,Milange,281855.0
2025,Dezembro,Zambézia,Mocuba,356060.0
2025,Dezembro,Zambézia,Mocubela,26129.0
2025,Dezembro,Zambézia,Molumbo,111154.0
2025,Dezembro,Zambézia,Mopeia,101105.0
2025,Dezembro,Zambézia,Morrumbala,159111.0
2025,Dezembro,Zambézia,Mulevala,80000.0
2025,Dezembro,Zambézia,Namacurra,110968.0
2025,Dezembro,Zambézia,Namarroi,71309.0
2025,Dezembro,Zambézia,Nicoadala,164063.0
2025,Dezembro,Zambézia,Pebane,126103.0
2025,Fevereiro,Gaza,Bilene-Macia,187842.0
2025,Fevereiro,Gaza,Chibuto,153186.0
2025,Fevereiro,Gaza,Chicualacuala,16373.0
2025,Fevereiro,Gaza,Chigubo,9265.0
2025,Fevereiro,Gaza,Chonguene,101972.0
2025,Fevereiro,Gaza,Chókwè,163667.0
2025,Fevereiro,Gaza,Cidade de Xai-Xai,180780.0
2025,Fevereiro,Gaza,Guijá,48921.0
2025,Fevereiro,Gaza,Limpopo,91026.0
2025,Fevereiro,Gaza,Mabalane,17110.0
2025,Fevereiro,Gaza,Manjacaze,103430.0
2025,Fevereiro,Gaza,Mapai,21428.0
2025,Fevereiro,Gaza,Massangena,8369.0
2025,Fevereiro,Gaza,Massingir,13763.0
2025,Fevereiro,Inhambane,Cidade de Inhambane,117660.0
2025,Fevereiro,Inhambane,Cidade de Maxixe,152667.0
2025,Fevereiro,Inhambane,Funhaloro,18874.0
2025,Fevereiro,Inhambane,Govuro,35040.0
2025,Fevereiro,Inhambane,Homoine,60218.0
2025,Fevereiro,Inhambane,Inharrime,91222.0
2025,Fevereiro,Inhambane,Inhassoro,57337.0
2025,Fevereiro,Inhambane,Jangamo,70180.0
2025,Fevereiro,Inhambane,Mabote,24181.0
2025,Fevereiro,Inhambane,Massinga,172223.0
2025,Fevereiro,Inhambane,Morrumbene,72756.0
2025,Fevereiro,Inhambane,Panda,26335.0
2025,Fevereiro,Inhambane,Vilankulo,133439.0
2025,Fevereiro,Inhambane,Zavala (Quissico),104321.0
2025,Fevereiro,Manica,Bárue,137674.0
2025,Fevereiro,Manica,Cidade de Chimoio,565968.0
2025,Fevereiro,Manica,Gondola,176204.0
2025,Fevereiro,Manica,Guro,55205.0
2025,Fevereiro,Manica,Macate,28318.0
2025,Fevereiro,Manica,Machaze,36468.0
2025,Fevereiro,Manica,Macossa,19099.0
2025,Fevereiro,Manica,Manica,194491.0
2025,Fevereiro,Manica,Mossurize,41089.0
2025,Fevereiro,Manica,Sussundenga,96813.0
2025,Fevereiro,Manica,Tambara,23075.0
2025,Fevereiro,Manica,Vanduzi,104322.0
2025,Fevereiro,Nampula,Ancuabe,92598.0
2025,Fevereiro,Nampula,Angoche,386620.0
2025,Fevereiro,Nampula,Balama,67275.0
2025,Fevereiro,Nampula,Cabo-Delgado,1351266.0
2025,Fevereiro,Nampula,Chiúre,112295.0
2025,Fevereiro,Nampula,Cidade de Nacala-Porto,466986.0
2025,Fevereiro,Nampula,Cidade de Nampula,1376068.0
2025,Fevereiro,Nampula,Cidade de Pemba,320831.0
2025,Fevereiro,Nampula,Ibo,9363.0
2025,Fevereiro,Nampula,Ilha de Moçambique,71916.0
2025,Fevereiro,Nampula,Lalaua,25428.27
2025,Fevereiro,Nampula,Larde,6718.0
2025,Fevereiro,Nampula,Liupo,9558.0
2025,Fevereiro,Nampula,Macomia,41246.0
2025,Fevereiro,Nampula,Malema,86807.0
2025,Fevereiro,Nampula,Meconta (Namialo),438147.0
2025,Fevereiro,Nampula,Mecuburi,62325.0
2025,Fevereiro,Nampula,Mecufi,18531.0
2025,Fevereiro,Nampula,Meluco,13625.0
2025,Fevereiro,Nampula,Memba,108054.0
2025,Fevereiro,Nampula,Mocimboa da Praia,84462.0
2025,Fevereiro,Nampula,Mogincual,88259.0
2025,Fevereiro,Nampula,Mogovolas,133792.0
2025,Fevereiro,Nampula,Moma,194537.0
2025,Fevereiro,Nampula,Monapo,176890.0
2025,Fevereiro,Nampula,Montepuez,196466.0
2025,Fevereiro,Nampula,Mossuril,76755.0
2025,Fevereiro,Nampula,Muecate,61016.0
2025,Fevereiro,Nampula,Mueda,124141.0
2025,Fevereiro,Nampula,Muidumbe,21657.0
2025,Fevereiro,Nampula,Murrupula,93555.0
2025,Fevereiro,Nampula,Nacala-Velha,48617.0
2025,Fevereiro,Nampula,Nacaroa,54373.0
2025,Fevereiro,Nampula,Namapa-Erati,96196.0
2025,Fevereiro,Nampula,Namuno,58574.0
2025,Fevereiro,Nampula,Nangade,40542.0
2025,Fevereiro,Nampula,Palma,62885.0
2025,Fevereiro,Nampula,Pemba-Metuge,75071.0
2025,Fevereiro,Nampula,Quissanga,11704.0
2025,Fevereiro,Nampula,Rapale-Nampula,114084.0
2025,Fevereiro,Nampula,Ribaué,120292.0
2025,Fevereiro,Niassa,Chimbunhila,39599.0
2025,Fevereiro,Niassa,Cidade de Lichinga,334868.0
2025,Fevereiro,Niassa,Cuamba,194138.0
2025,Fevereiro,Niassa,Lago,60515.0
2025,Fevereiro,Niassa,Mandimba,122868.0
2025,Fevereiro,Niassa,Manjune,24974.0
2025,Fevereiro,Niassa,Marrupa,40090.0
2025,Fevereiro,Niassa,Mavago,13660.0
2025,Fevereiro,Niassa,Maúa,42431.0
2025,Fevereiro,Niassa,Mecanhelas,76287.0
2025,Fevereiro,Niassa,Mecula,8678.0
2025,Fevereiro,Niassa,Metarica,28848.24
2025,Fevereiro,Niassa,Muembe,26207.0
2025,Fevereiro,Niassa,Nipepe,22144.0
2025,Fevereiro,Niassa,N´gauma,25665.0
2025,Fevereiro,Niassa,Sanga,58740.0
2025,Fevereiro,Província de Maputo,Boane,366825.0
2025,Fevereiro,Província de Maputo,Cidade da Matola,1520263.0
2025,Fevereiro,Província de Maputo,Cidade de Maputo,1600528.0
2025,Fevereiro,Província de Maputo,Magude,45575.0
2025,Fevereiro,Província de Maputo,Manhiça,211589.0
2025,Fevereiro,Província de Maputo,Marracuene,316700.0
2025,Fevereiro,Província de Maputo,Matutuíne,53465.0
2025,Fevereiro,Província de Maputo,Moamba,153660.0
2025,Fevereiro,Província de Maputo,Namaacha,39326.0
2025,Fevereiro,Sofala,Buzi,70784.0
2025,Fevereiro,Sofala,Caia,137257.0
2025,Fevereiro,Sofala,Chemba,32986.0
2025,Fevereiro,Sofala,Cheringoma,31974.0
2025,Fevereiro,Sofala,Chibabava,47053.0
2025,Fevereiro,Sofala,Cidade da Beira,851665.0
2025,Fevereiro,Sofala,Dondo,211019.0
2025,Fevereiro,Sofala,Gorongoza,103915.0
2025,Fevereiro,Sofala,Machanga,19326.0
2025,Fevereiro,Sofala,Maringue,58804.0
2025,Fevereiro,Sofala,Marromeu,88441.0
2025,Fevereiro,Sofala,Muanza,17994.0
2025,Fevereiro,Sofala,Nhamatanda,169298.0
2025,Fevereiro,Tete,Angónia,176734.0
2025,Fevereiro,Tete,Cahora-Bassa,105142.0
2025,Fevereiro,Tete,Changara,83680.0
2025,Fevereiro,Tete,Chifunde,24089.0
2025,Fevereiro,Tete,Chiuta,36267.0
2025,Fevereiro,Tete,Cidade de Tete,497619.0
2025,Fevereiro,Tete,Doa,23373.0
2025,Fevereiro,Tete,Macanga,69282.0
2025,Fevereiro,Tete,Marara,46851.0
2025,Fevereiro,Tete,Maravia,11634.0
2025,Fevereiro,Tete,Moatize,215591.0
2025,Fevereiro,Tete,Mutarara,52241.0
2025,Fevereiro,Tete,Mágoe,34849.0
2025,Fevereiro,Tete,Tsangano,62325.0
2025,Fevereiro,Tete,Zumbo,8732.0
2025,Fevereiro,Zambézia,Alto Molócuè,179075.0
2025,Fevereiro,Zambézia,Chinde,25124.0
2025,Fevereiro,Zambézia,Cidade de Quelimane,426667.0
2025,Fevereiro,Zambézia,Derre,15578.68
2025,Fevereiro,Zambézia,Gilé,93378.0
2025,Fevereiro,Zambézia,Gurúè,206706.0
2025,Fevereiro,Zambézia,Ile,83133.0
2025,Fevereiro,Zambézia,Inhassunge,34981.0
2025,Fevereiro,Zambézia,Luabo,14777.0
2025,Fevereiro,Zambézia,Lugela,74973.0
2025,Fevereiro,Zambézia,Maganja da Costa,100287.0
2025,Fevereiro,Zambézia,Milange,243431.0
2025,Fevereiro,Zambézia,Mocuba,304567.0
2025,Fevereiro,Zambézia,Mocubela,20415.0
2025,Fevereiro,Zambézia,Molumbo,84334.0
2025,Fevereiro,Zambézia,Mopeia,79546.0
2025,Fevereiro,Zambézia,Morrumbala,128150.08
2025,Fevereiro,Zambézia,Mulevala,65126.0
2025,Fevereiro,Zambézia,Namacurra,90404.0
2025,Fevereiro,Zambézia,Namarroi,55856.4
2025,Fevereiro,Zambézia,Nicoadala,147789.0
2025,Fevereiro,Zambézia,Pebane,102940.0
2025,Janeiro,Gaza,Bilene-Macia,190110.0
2025,Janeiro,Gaza,Chibuto,156250.0
2025,Janeiro,Gaza,Chicualacuala,16145.0
2025,Janeiro,Gaza,Chigubo,9341.0
2025,Janeiro,Gaza,Chonguene,102663.0
2025,Janeiro,Gaza,Chókwè,164315.0
2025,Janeiro,Gaza,Cidade de Xai-Xai,178409.0
2025,Janeiro,Gaza,Guijá,48645.0
2025,Janeiro,Gaza,Limpopo,92152.0
2025,Janeiro,Gaza,Mabalane,17292.0
2025,Janeiro,Gaza,Manjacaze,106379.0
2025,Janeiro,Gaza,Mapai,21486.0
2025,Janeiro,Gaza,Massangena,8357.0
2025,Janeiro,Gaza,Massingir,13957.0
2025,Janeiro,Inhambane,Cidade de Inhambane,117721.0
2025,Janeiro,Inhambane,Cidade de Maxixe,153017.0
2025,Janeiro,Inhambane,Funhaloro,19248.0
2025,Janeiro,Inhambane,Govuro,34381.0
2025,Janeiro,Inhambane,Homoine,61196.0
2025,Janeiro,Inhambane,Inharrime,94422.0
2025,Janeiro,Inhambane,Inhassoro,56434.0
2025,Janeiro,Inhambane,Jangamo,71288.0
2025,Janeiro,Inhambane,Mabote,24112.0
2025,Janeiro,Inhambane,Massinga,173747.0
2025,Janeiro,Inhambane,Morrumbene,72948.0
2025,Janeiro,Inhambane,Panda,25954.0
2025,Janeiro,Inhambane,Vilankulo,134387.0
2025,Janeiro,Inhambane,Zavala (Quissico),105338.0
2025,Janeiro,Manica,Bárue,136290.0
2025,Janeiro,Manica,Cidade de Chimoio,551235.0
2025,Janeiro,Manica,Gondola,174590.0
2025,Janeiro,Manica,Guro,53938.0
2025,Janeiro,Manica,Macate,28280.0
2025,Janeiro,Manica,Machaze,36755.0
2025,Janeiro,Manica,Macossa,19387.0
2025,Janeiro,Manica,Manica,192093.0
2025,Janeiro,Manica,Mossurize,42268.0
2025,Janeiro,Manica,Sussundenga,95982.0
2025,Janeiro,Manica,Tambara,23073.0
2025,Janeiro,Manica,Vanduzi,103757.0
2025,Janeiro,Nampula,Ancuabe,91416.0
2025,Janeiro,Nampula,Angoche,380102.0
2025,Janeiro,Nampula,Balama,65886.0
2025,Janeiro,Nampula,Cabo-Delgado,1326418.0
2025,Janeiro,Nampula,Chiúre,110872.0
2025,Janeiro,Nampula,Cidade de Nacala-Porto,460915.0
2025,Janeiro,Nampula,Cidade de Nampula,1348667.0
2025,Janeiro,Nampula,Cidade de Pemba,314836.0
2025,Janeiro,Nampula,Ibo,9142.0
2025,Janeiro,Nampula,Ilha de Moçambique,67610.0
2025,Janeiro,Nampula,Lalaua,24819.0
2025,Janeiro,Nampula,Larde,6029.0
2025,Janeiro,Nampula,Liupo,8780.0
2025,Janeiro,Nampula,Macomia,39172.0
2025,Janeiro,Nampula,Malema,85904.0
2025,Janeiro,Nampula,Meconta (Namialo),402036.0
2025,Janeiro,Nampula,Mecuburi,61409.0
2025,Janeiro,Nampula,Mecufi,18728.0
2025,Janeiro,Nampula,Meluco,12839.0
2025,Janeiro,Nampula,Memba,107784.0
2025,Janeiro,Nampula,Mocimboa da Praia,82066.0
2025,Janeiro,Nampula,Mogincual,85522.0
2025,Janeiro,Nampula,Mogovolas,133281.0
2025,Janeiro,Nampula,Moma,197135.0
2025,Janeiro,Nampula,Monapo,176902.0
2025,Janeiro,Nampula,Montepuez,191861.0
2025,Janeiro,Nampula,Mossuril,78651.0
2025,Janeiro,Nampula,Muecate,59763.0
2025,Janeiro,Nampula,Mueda,121832.0
2025,Janeiro,Nampula,Muidumbe,21048.0
2025,Janeiro,Nampula,Murrupula,92512.0
2025,Janeiro,Nampula,Nacala-Velha,47954.0
2025,Janeiro,Nampula,Nacaroa,54198.0
2025,Janeiro,Nampula,Namapa-Erati,93549.0
2025,Janeiro,Nampula,Namuno,58043.0
2025,Janeiro,Nampula,Nangade,40356.0
2025,Janeiro,Nampula,Palma,62176.0
2025,Janeiro,Nampula,Pemba-Metuge,74566.0
2025,Janeiro,Nampula,Quissanga,11579.0
2025,Janeiro,Nampula,Rapale-Nampula,114025.0
2025,Janeiro,Nampula,Ribaué,118029.0
2025,Janeiro,Niassa,Chimbunhila,38371.0
2025,Janeiro,Niassa,Cidade de Lichinga,320617.0
2025,Janeiro,Niassa,Cuamba,191333.0
2025,Janeiro,Niassa,Lago,57834.0
2025,Janeiro,Niassa,Mandimba,119524.0
2025,Janeiro,Niassa,Manjune,24231.0
2025,Janeiro,Niassa,Marrupa,39903.0
2025,Janeiro,Niassa,Mavago,13720.0
2025,Janeiro,Niassa,Maúa,41881.0
2025,Janeiro,Niassa,Mecanhelas,75668.0
2025,Janeiro,Niassa,Mecula,8606.0
2025,Janeiro,Niassa,Metarica,28873.0
2025,Janeiro,Niassa,Muembe,26199.0
2025,Janeiro,Niassa,Nipepe,22315.0
2025,Janeiro,Niassa,N´gauma,24616.0
2025,Janeiro,Niassa,Sanga,56671.0
2025,Janeiro,Província de Maputo,Boane,362480.0
2025,Janeiro,Província de Maputo,Cidade da Matola,1505913.0
2025,Janeiro,Província de Maputo,Cidade de Maputo,1908363.0
2025,Janeiro,Província de Maputo,Magude,43568.0
2025,Janeiro,Província de Maputo,Manhiça,210470.0
2025,Janeiro,Província de Maputo,Marracuene,320648.0
2025,Janeiro,Província de Maputo,Matutuíne,50841.0
2025,Janeiro,Província de Maputo,Moamba,142005.0
2025,Janeiro,Província de Maputo,Namaacha,39043.0
2025,Janeiro,Sofala,Buzi,71007.0
2025,Janeiro,Sofala,Caia,135856.0
2025,Janeiro,Sofala,Chemba,33785.0
2025,Janeiro,Sofala,Cheringoma,33335.0
2025,Janeiro,Sofala,Chibabava,45616.0
2025,Janeiro,Sofala,Cidade da Beira,844400.0
2025,Janeiro,Sofala,Dondo,209790.0
2025,Janeiro,Sofala,Gorongoza,104722.0
2025,Janeiro,Sofala,Machanga,18637.0
2025,Janeiro,Sofala,Maringue,59562.0
2025,Janeiro,Sofala,Marromeu,88078.0
2025,Janeiro,Sofala,Muanza,18622.0
2025,Janeiro,Sofala,Nhamatanda,167599.0
2025,Janeiro,Tete,Angónia,166504.0
2025,Janeiro,Tete,Cahora-Bassa,102893.0
2025,Janeiro,Tete,Changara,82662.0
2025,Janeiro,Tete,Chifunde,23211.0
2025,Janeiro,Tete,Chiuta,36499.0
2025,Janeiro,Tete,Cidade de Tete,490388.0
2025,Janeiro,Tete,Doa,23610.0
2025,Janeiro,Tete,Macanga,67850.0
2025,Janeiro,Tete,Marara,45774.0
2025,Janeiro,Tete,Maravia,11060.0
2025,Janeiro,Tete,Moatize,210652.0
2025,Janeiro,Tete,Mutarara,52191.0
2025,Janeiro,Tete,Mágoe,33480.0
2025,Janeiro,Tete,Tsangano,61604.0
2025,Janeiro,Tete,Zumbo,8787.0
2025,Janeiro,Zambézia,Alto Molócuè,176401.0
2025,Janeiro,Zambézia,Chinde,25437.0
2025,Janeiro,Zambézia,Cidade de Quelimane,422943.0
2025,Janeiro,Zambézia,Derre,15437.0
2025,Janeiro,Zambézia,Gilé,92577.0
2025,Janeiro,Zambézia,Gurúè,206909.0
2025,Janeiro,Zambézia,Ile,84117.0
2025,Janeiro,Zambézia,Inhassunge,34267.0
2025,Janeiro,Zambézia,Luabo,14082.0
2025,Janeiro,Zambézia,Lugela,77220.0
2025,Janeiro,Zambézia,Maganja da Costa,98871.0
2025,Janeiro,Zambézia,Milange,244768.0
2025,Janeiro,Zambézia,Mocuba,304142.0
2025,Janeiro,Zambézia,Mocubela,19593.0
2025,Janeiro,Zambézia,Molumbo,85220.0
2025,Janeiro,Zambézia,Mopeia,80442.0
2025,Janeiro,Zambézia,Morrumbala,135954.0
2025,Janeiro,Zambézia,Mulevala,66106.0
2025,Janeiro,Zambézia,Namacurra,89670.0
2025,Janeiro,Zambézia,Namarroi,57401.0
2025,Janeiro,Zambézia,Nicoadala,146057.0
2025,Janeiro,Zambézia,Pebane,104575.0
2025,Julho,Gaza,Bilene-Macia,231766.0
2025,Julho,Gaza,Chibuto,190596.0
2025,Julho,Gaza,Chicualacuala,19228.0
2025,Julho,Gaza,Chigubo,11152.0
2025,Julho,Gaza,Chonguene,122241.0
2025,Julho,Gaza,Chókwè,197830.0
2025,Julho,Gaza,Cidade de Xai-Xai,194160.0
2025,Julho,Gaza,Guijá,53755.0
2025,Julho,Gaza,Limpopo,89799.0
2025,Julho,Gaza,Mabalane,18826.0
2025,Julho,Gaza,Manjacaze,108028.0
2025,Julho,Gaza,Mapai,22889.0
2025,Julho,Gaza,Massangena,10052.0
2025,Julho,Gaza,Massingir,15061.0
2025,Julho,Inhambane,Cidade de Inhambane,140358.0
2025,Julho,Inhambane,Cidade de Maxixe,166989.0
2025,Julho,Inhambane,Funhaloro,21119.0
2025,Julho,Inhambane,Govuro,43337.0
2025,Julho,Inhambane,Homoine,66725.0
2025,Julho,Inhambane,Inharrime,101126.0
2025,Julho,Inhambane,Inhassoro,60846.0
2025,Julho,Inhambane,Jangamo,71353.0
2025,Julho,Inhambane,Mabote,28729.0
2025,Julho,Inhambane,Massinga,179189.0
2025,Julho,Inhambane,Morrumbene,71930.0
2025,Julho,Inhambane,Panda,25255.0
2025,Julho,Inhambane,Vilankulo,129787.0
2025,Julho,Inhambane,Zavala (Quissico),98801.0
2025,Julho,Manica,Bárue,165299.0
2025,Julho,Manica,Cidade de Chimoio,680379.0
2025,Julho,Manica,Gondola,188342.0
2025,Julho,Manica,Guro,59518.0
2025,Julho,Manica,Macate,33001.0
2025,Julho,Manica,Machaze,43004.0
2025,Julho,Manica,Macossa,23501.0
2025,Julho,Manica,Manica,215624.0
2025,Julho,Manica,Mossurize,48215.0
2025,Julho,Manica,Sussundenga,97525.0
2025,Julho,Manica,Tambara,25753.0
2025,Julho,Manica,Vanduzi,100224.0
2025,Julho,Nampula,Ancuabe,115987.0
2025,Julho,Nampula,Angoche,387938.0
2025,Julho,Nampula,Balama,89701.0
2025,Julho,Nampula,Cabo-Delgado,1525500.0
2025,Julho,Nampula,Chiúre,154574.0
2025,Julho,Nampula,Cidade de Nacala-Porto,506172.0
2025,Julho,Nampula,Cidade de Nampula,1527865.0
2025,Julho,Nampula,Cidade de Pemba,333300.0
2025,Julho,Nampula,Ibo,10690.0
2025,Julho,Nampula,Ilha de Moçambique,74059.0
2025,Julho,Nampula,Lalaua,32811.0
2025,Julho,Nampula,Larde,10821.0
2025,Julho,Nampula,Liupo,10735.0
2025,Julho,Nampula,Macomia,46603.0
2025,Julho,Nampula,Malema,103271.0
2025,Julho,Nampula,Meconta (Namialo),486294.0
2025,Julho,Nampula,Mecuburi,74740.0
2025,Julho,Nampula,Mecufi,19426.0
2025,Julho,Nampula,Meluco,14289.0
2025,Julho,Nampula,Memba,131442.0
2025,Julho,Nampula,Mocimboa da Praia,87788.0
2025,Julho,Nampula,Mogincual,94342.0
2025,Julho,Nampula,Mogovolas,148100.0
2025,Julho,Nampula,Moma,207799.0
2025,Julho,Nampula,Monapo,168876.0
2025,Julho,Nampula,Montepuez,206781.0
2025,Julho,Nampula,Mossuril,64475.0
2025,Julho,Nampula,Muecate,63346.0
2025,Julho,Nampula,Mueda,135764.0
2025,Julho,Nampula,Muidumbe,26156.0
2025,Julho,Nampula,Murrupula,91410.0
2025,Julho,Nampula,Nacala-Velha,50009.0
2025,Julho,Nampula,Nacaroa,65793.0
2025,Julho,Nampula,Namapa-Erati,113647.0
2025,Julho,Nampula,Namuno,80264.0
2025,Julho,Nampula,Nangade,41518.0
2025,Julho,Nampula,Palma,60390.0
2025,Julho,Nampula,Pemba-Metuge,87585.0
2025,Julho,Nampula,Quissanga,14684.0
2025,Julho,Nampula,Rapale-Nampula,133791.0
2025,Julho,Nampula,Ribaué,119411.0
2025,Julho,Niassa,Chimbunhila,47377.0
2025,Julho,Niassa,Cidade de Lichinga,362564.0
2025,Julho,Niassa,Cuamba,220097.0
2025,Julho,Niassa,Lago,71941.0
2025,Julho,Niassa,Mandimba,118949.0
2025,Julho,Niassa,Manjune,30215.0
2025,Julho,Niassa,Marrupa,43744.0
2025,Julho,Niassa,Mavago,16574.0
2025,Julho,Niassa,Maúa,46408.0
2025,Julho,Niassa,Mecanhelas,93119.0
2025,Julho,Niassa,Mecula,9500.0
2025,Julho,Niassa,Metarica,30992.0
2025,Julho,Niassa,Muembe,29065.0
2025,Julho,Niassa,Nipepe,23161.0
2025,Julho,Niassa,N´gauma,32275.0
2025,Julho,Niassa,Sanga,63471.0
2025,Julho,Província de Maputo,Boane,417982.0
2025,Julho,Província de Maputo,Cidade da Matola,1647781.0
2025,Julho,Província de Maputo,Cidade de Maputo,2192747.0
2025,Julho,Província de Maputo,Magude,51641.0
2025,Julho,Província de Maputo,Manhiça,220319.0
2025,Julho,Província de Maputo,Marracuene,306821.0
2025,Julho,Província de Maputo,Matutuíne,49144.0
2025,Julho,Província de Maputo,Moamba,127759.0
2025,Julho,Província de Maputo,Namaacha,36548.0
2025,Julho,Sofala,Buzi,87844.0
2025,Julho,Sofala,Caia,159703.0
2025,Julho,Sofala,Chemba,39087.0
2025,Julho,Sofala,Cheringoma,38506.0
2025,Julho,Sofala,Chibabava,55051.0
2025,Julho,Sofala,Cidade da Beira,973372.0
2025,Julho,Sofala,Dondo,204074.0
2025,Julho,Sofala,Gorongoza,117282.0
2025,Julho,Sofala,Machanga,21505.0
2025,Julho,Sofala,Maringue,65485.0
2025,Julho,Sofala,Marromeu,93883.0
2025,Julho,Sofala,Muanza,20336.0
2025,Julho,Sofala,Nhamatanda,155169.0
2025,Julho,Tete,Angónia,226928.0
2025,Julho,Tete,Cahora-Bassa,120248.0
2025,Julho,Tete,Changara,104625.0
2025,Julho,Tete,Chifunde,33717.0
2025,Julho,Tete,Chiuta,40751.0
2025,Julho,Tete,Cidade de Tete,534215.0
2025,Julho,Tete,Doa,28854.0
2025,Julho,Tete,Macanga,82438.0
2025,Julho,Tete,Marara,43376.0
2025,Julho,Tete,Maravia,11963.0
2025,Julho,Tete,Moatize,191637.0
2025,Julho,Tete,Mutarara,52727.0
2025,Julho,Tete,Mágoe,35510.0
2025,Julho,Tete,Tsangano,83912.0
2025,Julho,Tete,Zumbo,10857.0
2025,Julho,Zambézia,Alto Molócuè,209597.0
2025,Julho,Zambézia,Chinde,28918.0
2025,Julho,Zambézia,Cidade de Quelimane,460629.0
2025,Julho,Zambézia,Derre,15014.0
2025,Julho,Zambézia,Gilé,106186.0
2025,Julho,Zambézia,Gurúè,234887.0
2025,Julho,Zambézia,Ile,92955.0
2025,Julho,Zambézia,Inhassunge,36548.0
2025,Julho,Zambézia,Luabo,13801.0
2025,Julho,Zambézia,Lugela,86961.0
2025,Julho,Zambézia,Maganja da Costa,107736.0
2025,Julho,Zambézia,Milange,257183.0
2025,Julho,Zambézia,Mocuba,306362.0
2025,Julho,Zambézia,Mocubela,20364.0
2025,Julho,Zambézia,Molumbo,105123.0
2025,Julho,Zambézia,Mopeia,79640.0
2025,Julho,Zambézia,Morrumbala,131020.0
2025,Julho,Zambézia,Mulevala,69548.0
2025,Julho,Zambézia,Namacurra,91404.0
2025,Julho,Zambézia,Namarroi,66642.0
2025,Julho,Zambézia,Nicoadala,138446.0
2025,Julho,Zambézia,Pebane,109433.0
2025,Junho,Gaza,Bilene-Macia,228148.0
2025,Junho,Gaza,Chibuto,188308.0
2025,Junho,Gaza,Chicualacuala,18241.0
2025,Junho,Gaza,Chigubo,10918.0
2025,Junho,Gaza,Chonguene,121797.0
2025,Junho,Gaza,Chókwè,193799.0
2025,Junho,Gaza,Cidade de Xai-Xai,191652.0
2025,Junho,Gaza,Guijá,52720.0
2025,Junho,Gaza,Limpopo,90462.0
2025,Junho,Gaza,Mabalane,18536.0
2025,Junho,Gaza,Manjacaze,108155.0
2025,Junho,Gaza,Mapai,22285.0
2025,Junho,Gaza,Massangena,9479.0
2025,Junho,Gaza,Massingir,14918.0
2025,Junho,Inhambane,Cidade de Inhambane,142499.0
2025,Junho,Inhambane,Cidade de Maxixe,165761.0
2025,Junho,Inhambane,Funhaloro,20653.0
2025,Junho,Inhambane,Govuro,41926.0
2025,Junho,Inhambane,Homoine,67093.0
2025,Junho,Inhambane,Inharrime,100043.0
2025,Junho,Inhambane,Inhassoro,61072.0
2025,Junho,Inhambane,Jangamo,69844.0
2025,Junho,Inhambane,Mabote,27906.0
2025,Junho,Inhambane,Massinga,179335.0
2025,Junho,Inhambane,Morrumbene,71196.0
2025,Junho,Inhambane,Panda,25391.0
2025,Junho,Inhambane,Vilankulo,129788.0
2025,Junho,Inhambane,Zavala (Quissico),98332.0
2025,Junho,Manica,Bárue,162521.0
2025,Junho,Manica,Cidade de Chimoio,682345.0
2025,Junho,Manica,Gondola,187798.0
2025,Junho,Manica,Guro,57481.0
2025,Junho,Manica,Macate,32307.0
2025,Junho,Manica,Machaze,41166.0
2025,Junho,Manica,Macossa,22670.0
2025,Junho,Manica,Manica,212989.0
2025,Junho,Manica,Mossurize,46664.0
2025,Junho,Manica,Sussundenga,98008.0
2025,Junho,Manica,Tambara,24984.0
2025,Junho,Manica,Vanduzi,98592.0
2025,Junho,Nampula,Ancuabe,113233.0
2025,Junho,Nampula,Angoche,416963.0
2025,Junho,Nampula,Balama,88715.0
2025,Junho,Nampula,Cabo-Delgado,1494304.0
2025,Junho,Nampula,Chiúre,146721.0
2025,Junho,Nampula,Cidade de Nacala-Porto,515338.0
2025,Junho,Nampula,Cidade de Nampula,1582594.0
2025,Junho,Nampula,Cidade de Pemba,333996.0
2025,Junho,Nampula,Ibo,9631.0
2025,Junho,Nampula,Ilha de Moçambique,73557.0
2025,Junho,Nampula,Lalaua,31088.0
2025,Junho,Nampula,Larde,10944.0
2025,Junho,Nampula,Liupo,12477.0
2025,Junho,Nampula,Macomia,45602.0
2025,Junho,Nampula,Malema,100382.0
2025,Junho,Nampula,Meconta (Namialo),524528.0
2025,Junho,Nampula,Mecuburi,72241.0
2025,Junho,Nampula,Mecufi,18626.0
2025,Junho,Nampula,Meluco,13817.0
2025,Junho,Nampula,Memba,125057.0
2025,Junho,Nampula,Mocimboa da Praia,87899.0
2025,Junho,Nampula,Mogincual,92205.0
2025,Junho,Nampula,Mogovolas,150872.0
2025,Junho,Nampula,Moma,205352.0
2025,Junho,Nampula,Monapo,174624.0
2025,Junho,Nampula,Montepuez,205764.0
2025,Junho,Nampula,Mossuril,65927.0
2025,Junho,Nampula,Muecate,63754.0
2025,Junho,Nampula,Mueda,132889.0
2025,Junho,Nampula,Muidumbe,25046.0
2025,Junho,Nampula,Murrupula,94162.0
2025,Junho,Nampula,Nacala-Velha,47630.0
2025,Junho,Nampula,Nacaroa,64604.0
2025,Junho,Nampula,Namapa-Erati,110321.0
2025,Junho,Nampula,Namuno,75337.0
2025,Junho,Nampula,Nangade,40630.0
2025,Junho,Nampula,Palma,59806.0
2025,Junho,Nampula,Pemba-Metuge,83811.0
2025,Junho,Nampula,Quissanga,12781.0
2025,Junho,Nampula,Rapale-Nampula,133508.0
2025,Junho,Nampula,Ribaué,125132.0
2025,Junho,Niassa,Chimbunhila,49170.0
2025,Junho,Niassa,Cidade de Lichinga,363072.0
2025,Junho,Niassa,Cuamba,219995.0
2025,Junho,Niassa,Lago,70666.0
2025,Junho,Niassa,Mandimba,126963.0
2025,Junho,Niassa,Manjune,29749.0
2025,Junho,Niassa,Marrupa,43620.0
2025,Junho,Niassa,Mavago,15784.0
2025,Junho,Niassa,Maúa,45845.0
2025,Junho,Niassa,Mecanhelas,91384.0
2025,Junho,Niassa,Mecula,9575.0
2025,Junho,Niassa,Metarica,31088.0
2025,Junho,Niassa,Muembe,27878.0
2025,Junho,Niassa,Nipepe,22551.0
2025,Junho,Niassa,N´gauma,31114.0
2025,Junho,Niassa,Sanga,62990.0
2025,Junho,Província de Maputo,Boane,411824.0
2025,Junho,Província de Maputo,Cidade da Matola,1578053.0
2025,Junho,Província de Maputo,Cidade de Maputo,2204502.0
2025,Junho,Província de Maputo,Magude,47444.0
2025,Junho,Província de Maputo,Manhiça,215089.0
2025,Junho,Província de Maputo,Marracuene,308385.0
2025,Junho,Província de Maputo,Matutuíne,49398.0
2025,Junho,Província de Maputo,Moamba,130234.0
2025,Junho,Província de Maputo,Namaacha,37058.0
2025,Junho,Sofala,Buzi,85415.0
2025,Junho,Sofala,Caia,157248.0
2025,Junho,Sofala,Chemba,38063.0
2025,Junho,Sofala,Cheringoma,37401.0
2025,Junho,Sofala,Chibabava,54877.0
2025,Junho,Sofala,Cidade da Beira,966421.0
2025,Junho,Sofala,Dondo,209009.0
2025,Junho,Sofala,Gorongoza,115515.0
2025,Junho,Sofala,Machanga,21786.0
2025,Junho,Sofala,Maringue,65816.0
2025,Junho,Sofala,Marromeu,92155.0
2025,Junho,Sofala,Muanza,19632.0
2025,Junho,Sofala,Nhamatanda,157226.0
2025,Junho,Tete,Angónia,226750.0
2025,Junho,Tete,Cahora-Bassa,118653.0
2025,Junho,Tete,Changara,103665.0
2025,Junho,Tete,Chifunde,32091.0
2025,Junho,Tete,Chiuta,40733.0
2025,Junho,Tete,Cidade de Tete,534073.0
2025,Junho,Tete,Doa,27470.0
2025,Junho,Tete,Macanga,80798.0
2025,Junho,Tete,Marara,44392.0
2025,Junho,Tete,Maravia,11833.0
2025,Junho,Tete,Moatize,206074.0
2025,Junho,Tete,Mutarara,50492.0
2025,Junho,Tete,Mágoe,36340.0
2025,Junho,Tete,Tsangano,80260.0
2025,Junho,Tete,Zumbo,10073.0
2025,Junho,Zambézia,Alto Molócuè,208147.0
2025,Junho,Zambézia,Chinde,28670.0
2025,Junho,Zambézia,Cidade de Quelimane,464621.0
2025,Junho,Zambézia,Derre,16230.0
2025,Junho,Zambézia,Gilé,105344.0
2025,Junho,Zambézia,Gurúè,234296.0
2025,Junho,Zambézia,Ile,91438.0
2025,Junho,Zambézia,Inhassunge,36979.0
2025,Junho,Zambézia,Luabo,14409.0
2025,Junho,Zambézia,Lugela,84519.0
2025,Junho,Zambézia,Maganja da Costa,106049.0
2025,Junho,Zambézia,Milange,259218.0
2025,Junho,Zambézia,Mocuba,306523.0
2025,Junho,Zambézia,Mocubela,19970.0
2025,Junho,Zambézia,Molumbo,99777.0
2025,Junho,Zambézia,Mopeia,76680.0
2025,Junho,Zambézia,Morrumbala,129307.0
2025,Junho,Zambézia,Mulevala,67920.0
2025,Junho,Zambézia,Namacurra,91690.0
2025,Junho,Zambézia,Namarroi,65783.0
2025,Junho,Zambézia,Nicoadala,140614.0
2025,Junho,Zambézia,Pebane,108425.0
2025,Maio,Gaza,Bilene-Macia,198563.0
2025,Maio,Gaza,Chibuto,167878.0
2025,Maio,Gaza,Chicualacuala,17296.0
2025,Maio,Gaza,Chigubo,10106.0
2025,Maio,Gaza,Chonguene,107332.0
2025,Maio,Gaza,Chókwè,181931.0
2025,Maio,Gaza,Cidade de Xai-Xai,194190.0
2025,Maio,Gaza,Guijá,54555.0
2025,Maio,Gaza,Limpopo,94928.0
2025,Maio,Gaza,Mabalane,18504.0
2025,Maio,Gaza,Manjacaze,109927.0
2025,Maio,Gaza,Mapai,22554.0
2025,Maio,Gaza,Massangena,9128.0
2025,Maio,Gaza,Massingir,14875.0
2025,Maio,Inhambane,Cidade de Inhambane,125594.0
2025,Maio,Inhambane,Cidade de Maxixe,158661.0
2025,Maio,Inhambane,Funhaloro,20266.0
2025,Maio,Inhambane,Govuro,39213.0
2025,Maio,Inhambane,Homoine,65613.0
2025,Maio,Inhambane,Inharrime,95262.0
2025,Maio,Inhambane,Inhassoro,60890.0
2025,Maio,Inhambane,Jangamo,75293.0
2025,Maio,Inhambane,Mabote,27381.0
2025,Maio,Inhambane,Massinga,179689.0
2025,Maio,Inhambane,Morrumbene,77355.0
2025,Maio,Inhambane,Panda,28407.0
2025,Maio,Inhambane,Vilankulo,140556.0
2025,Maio,Inhambane,Zavala (Quissico),110300.0
2025,Maio,Manica,Bárue,149089.0
2025,Maio,Manica,Cidade de Chimoio,630297.0
2025,Maio,Manica,Gondola,189235.0
2025,Maio,Manica,Guro,57056.0
2025,Maio,Manica,Macate,32193.0
2025,Maio,Manica,Machaze,39827.0
2025,Maio,Manica,Macossa,22170.0
2025,Maio,Manica,Manica,208225.0
2025,Maio,Manica,Mossurize,46583.0
2025,Maio,Manica,Sussundenga,105067.0
2025,Maio,Manica,Tambara,24993.0
2025,Maio,Manica,Vanduzi,109355.0
2025,Maio,Nampula,Ancuabe,100173.0
2025,Maio,Nampula,Angoche,391073.0
2025,Maio,Nampula,Balama,76559.0
2025,Maio,Nampula,Cabo-Delgado,1465328.0
2025,Maio,Nampula,Chiúre,129784.0
2025,Maio,Nampula,Cidade de Nacala-Porto,501919.0
2025,Maio,Nampula,Cidade de Nampula,1539000.0
2025,Maio,Nampula,Cidade de Pemba,337148.0
2025,Maio,Nampula,Ibo,9608.0
2025,Maio,Nampula,Ilha de Moçambique,70004.0
2025,Maio,Nampula,Lalaua,28640.0
2025,Maio,Nampula,Larde,9738.0
2025,Maio,Nampula,Liupo,10041.0
2025,Maio,Nampula,Macomia,44500.0
2025,Maio,Nampula,Malema,96468.0
2025,Maio,Nampula,Meconta (Namialo),549130.0
2025,Maio,Nampula,Mecuburi,69827.0
2025,Maio,Nampula,Mecufi,19330.0
2025,Maio,Nampula,Meluco,14109.0
2025,Maio,Nampula,Memba,121571.0
2025,Maio,Nampula,Mocimboa da Praia,88214.0
2025,Maio,Nampula,Mogincual,95730.0
2025,Maio,Nampula,Mogovolas,149331.0
2025,Maio,Nampula,Moma,202903.0
2025,Maio,Nampula,Monapo,187033.0
2025,Maio,Nampula,Montepuez,212524.0
2025,Maio,Nampula,Mossuril,76512.0
2025,Maio,Nampula,Muecate,63639.0
2025,Maio,Nampula,Mueda,132837.0
2025,Maio,Nampula,Muidumbe,25054.0
2025,Maio,Nampula,Murrupula,98086.0
2025,Maio,Nampula,Nacala-Velha,53347.0
2025,Maio,Nampula,Nacaroa,62956.0
2025,Maio,Nampula,Namapa-Erati,111262.0
2025,Maio,Nampula,Namuno,72101.0
2025,Maio,Nampula,Nangade,41630.0
2025,Maio,Nampula,Palma,67214.0
2025,Maio,Nampula,Pemba-Metuge,81573.0
2025,Maio,Nampula,Quissanga,12970.0
2025,Maio,Nampula,Rapale-Nampula,135660.0
2025,Maio,Nampula,Ribaué,132609.0
2025,Maio,Niassa,Chimbunhila,41382.0
2025,Maio,Niassa,Cidade de Lichinga,350111.0
2025,Maio,Niassa,Cuamba,211558.0
2025,Maio,Niassa,Lago,67267.0
2025,Maio,Niassa,Mandimba,126730.0
2025,Maio,Niassa,Manjune,28517.0
2025,Maio,Niassa,Marrupa,43042.0
2025,Maio,Niassa,Mavago,14901.0
2025,Maio,Niassa,Maúa,45540.0
2025,Maio,Niassa,Mecanhelas,88818.0
2025,Maio,Niassa,Mecula,9273.0
2025,Maio,Niassa,Metarica,31244.0
2025,Maio,Niassa,Muembe,27568.0
2025,Maio,Niassa,Nipepe,23302.0
2025,Maio,Niassa,N´gauma,31362.0
2025,Maio,Niassa,Sanga,65360.0
2025,Maio,Província de Maputo,Boane,371221.0
2025,Maio,Província de Maputo,Cidade da Matola,1569818.0
2025,Maio,Província de Maputo,Cidade de Maputo,2129868.0
2025,Maio,Província de Maputo,Magude,49384.0
2025,Maio,Província de Maputo,Manhiça,225665.0
2025,Maio,Província de Maputo,Marracuene,336069.0
2025,Maio,Província de Maputo,Matutuíne,57228.0
2025,Maio,Província de Maputo,Moamba,166606.0
2025,Maio,Província de Maputo,Namaacha,42724.0
2025,Maio,Sofala,Buzi,77456.0
2025,Maio,Sofala,Caia,135251.0
2025,Maio,Sofala,Chemba,34346.0
2025,Maio,Sofala,Cheringoma,34565.0
2025,Maio,Sofala,Chibabava,47989.0
2025,Maio,Sofala,Cidade da Beira,893581.0
2025,Maio,Sofala,Dondo,213604.0
2025,Maio,Sofala,Gorongoza,111018.0
2025,Maio,Sofala,Machanga,22442.0
2025,Maio,Sofala,Maringue,62599.0
2025,Maio,Sofala,Marromeu,94217.0
2025,Maio,Sofala,Muanza,19947.0
2025,Maio,Sofala,Nhamatanda,173789.0
2025,Maio,Tete,Angónia,193667.0
2025,Maio,Tete,Cahora-Bassa,107573.0
2025,Maio,Tete,Changara,93623.0
2025,Maio,Tete,Chifunde,28727.0
2025,Maio,Tete,Chiuta,37136.0
2025,Maio,Tete,Cidade de Tete,533276.0
2025,Maio,Tete,Doa,25750.0
2025,Maio,Tete,Macanga,78378.0
2025,Maio,Tete,Marara,49453.0
2025,Maio,Tete,Maravia,12157.0
2025,Maio,Tete,Moatize,225198.0
2025,Maio,Tete,Mutarara,54695.0
2025,Maio,Tete,Mágoe,36599.0
2025,Maio,Tete,Tsangano,78205.0
2025,Maio,Tete,Zumbo,10218.0
2025,Maio,Zambézia,Alto Molócuè,193658.0
2025,Maio,Zambézia,Chinde,26359.0
2025,Maio,Zambézia,Cidade de Quelimane,455686.0
2025,Maio,Zambézia,Derre,14661.0
2025,Maio,Zambézia,Gilé,102887.0
2025,Maio,Zambézia,Gurúè,231582.0
2025,Maio,Zambézia,Ile,90475.0
2025,Maio,Zambézia,Inhassunge,37477.0
2025,Maio,Zambézia,Luabo,14691.0
2025,Maio,Zambézia,Lugela,83489.0
2025,Maio,Zambézia,Maganja da Costa,106204.0
2025,Maio,Zambézia,Milange,267655.0
2025,Maio,Zambézia,Mocuba,324691.0
2025,Maio,Zambézia,Mocubela,21282.0
2025,Maio,Zambézia,Molumbo,99105.0
2025,Maio,Zambézia,Mopeia,82015.0
2025,Maio,Zambézia,Morrumbala,132608.0
2025,Maio,Zambézia,Mulevala,70466.0
2025,Maio,Zambézia,Namacurra,95029.0
2025,Maio,Zambézia,Namarroi,66731.0
2025,Maio,Zambézia,Nicoadala,154286.0
2025,Maio,Zambézia,Pebane,109729.0
2025,Março,Gaza,Bilene-Macia,186421.0
2025,Março,Gaza,Chibuto,157457.0
2025,Março,Gaza,Chicualacuala,16603.0
2025,Março,Gaza,Chigubo,9411.0
2025,Março,Gaza,Chonguene,102086.0
2025,Março,Gaza,Chókwè,167107.0
2025,Março,Gaza,Cidade de Xai-Xai,184775.0
2025,Março,Gaza,Guijá,51380.0
2025,Março,Gaza,Limpopo,94541.0
2025,Março,Gaza,Mabalane,17723.0
2025,Março,Gaza,Manjacaze,106422.0
2025,Março,Gaza,Mapai,22157.0
2025,Março,Gaza,Massangena,8669.0
2025,Março,Gaza,Massingir,14034.0
2025,Março,Inhambane,Cidade de Inhambane,117944.0
2025,Março,Inhambane,Cidade de Maxixe,156396.0
2025,Março,Inhambane,Funhaloro,19213.0
2025,Março,Inhambane,Govuro,36405.0
2025,Março,Inhambane,Homoine,61165.0
2025,Março,Inhambane,Inharrime,93245.0
2025,Março,Inhambane,Inhassoro,57328.0
2025,Março,Inhambane,Jangamo,72851.0
2025,Março,Inhambane,Mabote,24793.0
2025,Março,Inhambane,Massinga,174953.0
2025,Março,Inhambane,Morrumbene,75709.0
2025,Março,Inhambane,Panda,27962.0
2025,Março,Inhambane,Vilankulo,138107.0
2025,Março,Inhambane,Zavala (Quissico),108216.0
2025,Março,Manica,Bárue,139920.0
2025,Março,Manica,Cidade de Chimoio,603808.0
2025,Março,Manica,Gondola,182728.0
2025,Março,Manica,Guro,56254.0
2025,Março,Manica,Macate,29308.0
2025,Março,Manica,Machaze,37364.0
2025,Março,Manica,Macossa,20159.0
2025,Março,Manica,Manica,200668.0
2025,Março,Manica,Mossurize,42944.0
2025,Março,Manica,Sussundenga,101988.0
2025,Março,Manica,Tambara,23320.0
2025,Março,Manica,Vanduzi,106437.0
2025,Março,Nampula,Ancuabe,93947.0
2025,Março,Nampula,Angoche,380091.0
2025,Março,Nampula,Balama,68361.0
2025,Março,Nampula,Cabo-Delgado,1398080.0
2025,Março,Nampula,Chiúre,115183.0
2025,Março,Nampula,Cidade de Nacala-Porto,490855.0
2025,Março,Nampula,Cidade de Nampula,1482284.0
2025,Março,Nampula,Cidade de Pemba,330681.0
2025,Março,Nampula,Ibo,9723.0
2025,Março,Nampula,Ilha de Moçambique,70530.0
2025,Março,Nampula,Lalaua,24524.0
2025,Março,Nampula,Larde,5351.0
2025,Março,Nampula,Liupo,9000.0
2025,Março,Nampula,Macomia,44263.0
2025,Março,Nampula,Malema,91284.0
2025,Março,Nampula,Meconta (Namialo),520694.0
2025,Março,Nampula,Mecuburi,63592.0
2025,Março,Nampula,Mecufi,19303.0
2025,Março,Nampula,Meluco,14241.0
2025,Março,Nampula,Memba,106860.0
2025,Março,Nampula,Mocimboa da Praia,87737.0
2025,Março,Nampula,Mogincual,93892.0
2025,Março,Nampula,Mogovolas,134309.0
2025,Março,Nampula,Moma,192808.0
2025,Março,Nampula,Monapo,178380.0
2025,Março,Nampula,Montepuez,203013.0
2025,Março,Nampula,Mossuril,77672.0
2025,Março,Nampula,Muecate,59980.0
2025,Março,Nampula,Mueda,129347.0
2025,Março,Nampula,Muidumbe,23498.0
2025,Março,Nampula,Murrupula,94254.0
2025,Março,Nampula,Nacala-Velha,47911.0
2025,Março,Nampula,Nacaroa,56784.0
2025,Março,Nampula,Namapa-Erati,101837.0
2025,Março,Nampula,Namuno,63129.0
2025,Março,Nampula,Nangade,40746.0
2025,Março,Nampula,Palma,65345.0
2025,Março,Nampula,Pemba-Metuge,77322.0
2025,Março,Nampula,Quissanga,12241.0
2025,Março,Nampula,Rapale-Nampula,120921.0
2025,Março,Nampula,Ribaué,123614.0
2025,Março,Niassa,Chimbunhila,40100.0
2025,Março,Niassa,Cidade de Lichinga,347690.0
2025,Março,Niassa,Cuamba,197608.0
2025,Março,Niassa,Lago,62298.0
2025,Março,Niassa,Mandimba,125792.0
2025,Março,Niassa,Manjune,26447.0
2025,Março,Niassa,Marrupa,40867.0
2025,Março,Niassa,Mavago,14118.0
2025,Março,Niassa,Maúa,42995.0
2025,Março,Niassa,Mecanhelas,80321.0
2025,Março,Niassa,Mecula,8772.0
2025,Março,Niassa,Metarica,29446.0
2025,Março,Niassa,Muembe,26742.0
2025,Março,Niassa,Nipepe,22145.0
2025,Março,Niassa,N´gauma,28159.0
2025,Março,Niassa,Sanga,61609.0
2025,Março,Província de Maputo,Boane,359627.0
2025,Março,Província de Maputo,Cidade da Matola,1644987.0
2025,Março,Província de Maputo,Cidade de Maputo,2032207.0
2025,Março,Província de Maputo,Magude,43005.0
2025,Março,Província de Maputo,Manhiça,195890.0
2025,Março,Província de Maputo,Marracuene,314046.0
2025,Março,Província de Maputo,Matutuíne,53448.0
2025,Março,Província de Maputo,Moamba,144248.0
2025,Março,Província de Maputo,Namaacha,39023.0
2025,Março,Sofala,Buzi,71626.0
2025,Março,Sofala,Caia,135223.0
2025,Março,Sofala,Chemba,33527.0
2025,Março,Sofala,Cheringoma,33482.0
2025,Março,Sofala,Chibabava,47447.0
2025,Março,Sofala,Cidade da Beira,868631.0
2025,Março,Sofala,Dondo,214005.0
2025,Março,Sofala,Gorongoza,106681.0
2025,Março,Sofala,Machanga,19981.0
2025,Março,Sofala,Maringue,59228.0
2025,Março,Sofala,Marromeu,88651.0
2025,Março,Sofala,Muanza,19247.0
2025,Março,Sofala,Nhamatanda,173353.0
2025,Março,Tete,Angónia,177867.5
2025,Março,Tete,Cahora-Bassa,106171.0
2025,Março,Tete,Changara,86470.0
2025,Março,Tete,Chifunde,25382.0
2025,Março,Tete,Chiuta,36759.0
2025,Março,Tete,Cidade de Tete,516448.0
2025,Março,Tete,Doa,23431.0
2025,Março,Tete,Macanga,71888.0
2025,Março,Tete,Marara,48139.0
2025,Março,Tete,Maravia,11830.0
2025,Março,Tete,Moatize,218839.0
2025,Março,Tete,Mutarara,53835.0
2025,Março,Tete,Mágoe,36319.0
2025,Março,Tete,Tsangano,67513.0
2025,Março,Tete,Zumbo,9384.0
2025,Março,Zambézia,Alto Molócuè,182096.0
2025,Março,Zambézia,Chinde,24243.0
2025,Março,Zambézia,Cidade de Quelimane,448365.0
2025,Março,Zambézia,Derre,15274.0
2025,Março,Zambézia,Gilé,97074.0
2025,Março,Zambézia,Gurúè,214218.0
2025,Março,Zambézia,Ile,84832.0
2025,Março,Zambézia,Inhassunge,35169.0
2025,Março,Zambézia,Luabo,14943.0
2025,Março,Zambézia,Lugela,77749.0
2025,Março,Zambézia,Maganja da Costa,102387.0
2025,Março,Zambézia,Milange,254660.0
2025,Março,Zambézia,Mocuba,312176.0
2025,Março,Zambézia,Mocubela,20921.0
2025,Março,Zambézia,Molumbo,89226.0
2025,Março,Zambézia,Mopeia,80728.0
2025,Março,Zambézia,Morrumbala,128829.0
2025,Março,Zambézia,Mulevala,66544.0
2025,Março,Zambézia,Namacurra,92830.0
2025,Março,Zambézia,Namarroi,58896.0
2025,Março,Zambézia,Nicoadala,148419.0
2025,Março,Zambézia,Pebane,103989.0
2025,Novembro,Gaza,Bilene-Macia,249211.0
2025,Novembro,Gaza,Chibuto,213626.0
2025,Novembro,Gaza,Chicualacuala,20777.0
2025,Novembro,Gaza,Chigubo,12305.0
2025,Novembro,Gaza,Chonguene,142374.0
2025,Novembro,Gaza,Chókwè,210677.0
2025,Novembro,Gaza,Cidade de Xai-Xai,199043.0
2025,Novembro,Gaza,Guijá,59222.0
2025,Novembro,Gaza,Limpopo,98772.0
2025,Novembro,Gaza,Mabalane,20676.0
2025,Novembro,Gaza,Manjacaze,106164.0
2025,Novembro,Gaza,Mapai,25343.0
2025,Novembro,Gaza,Massangena,11162.0
2025,Novembro,Gaza,Massingir,16936.0
2025,Novembro,Inhambane,Cidade de Inhambane,133469.0
2025,Novembro,Inhambane,Cidade de Maxixe,161873.0
2025,Novembro,Inhambane,Funhaloro,24011.0
2025,Novembro,Inhambane,Govuro,45871.0
2025,Novembro,Inhambane,Homoine,75306.0
2025,Novembro,Inhambane,Inharrime,113651.0
2025,Novembro,Inhambane,Inhassoro,65707.0
2025,Novembro,Inhambane,Jangamo,80822.0
2025,Novembro,Inhambane,Mabote,31914.0
2025,Novembro,Inhambane,Massinga,198171.0
2025,Novembro,Inhambane,Morrumbene,77478.0
2025,Novembro,Inhambane,Panda,28312.0
2025,Novembro,Inhambane,Vilankulo,140633.0
2025,Novembro,Inhambane,Zavala (Quissico),111655.0
2025,Novembro,Manica,Bárue,188567.0
2025,Novembro,Manica,Cidade de Chimoio,733409.0
2025,Novembro,Manica,Gondola,207773.0
2025,Novembro,Manica,Guro,62766.0
2025,Novembro,Manica,Macate,37124.0
2025,Novembro,Manica,Machaze,48883.0
2025,Novembro,Manica,Macossa,26106.0
2025,Novembro,Manica,Manica,227596.0
2025,Novembro,Manica,Mossurize,53550.0
2025,Novembro,Manica,Sussundenga,104734.0
2025,Novembro,Manica,Tambara,28280.0
2025,Novembro,Manica,Vanduzi,114746.0
2025,Novembro,Nampula,Ancuabe,128182.0
2025,Novembro,Nampula,Angoche,413825.0
2025,Novembro,Nampula,Balama,108850.0
2025,Novembro,Nampula,Cabo-Delgado,1677567.0
2025,Novembro,Nampula,Chiúre,175388.0
2025,Novembro,Nampula,Cidade de Nacala-Porto,560433.0
2025,Novembro,Nampula,Cidade de Nampula,1701801.0
2025,Novembro,Nampula,Cidade de Pemba,320650.0
2025,Novembro,Nampula,Ibo,11687.0
2025,Novembro,Nampula,Ilha de Moçambique,73251.0
2025,Novembro,Nampula,Lalaua,37306.0
2025,Novembro,Nampula,Larde,32402.0
2025,Novembro,Nampula,Liupo,36024.0
2025,Novembro,Nampula,Macomia,52491.0
2025,Novembro,Nampula,Malema,118787.0
2025,Novembro,Nampula,Meconta (Namialo),500490.0
2025,Novembro,Nampula,Mecuburi,85693.0
2025,Novembro,Nampula,Mecufi,29540.0
2025,Novembro,Nampula,Meluco,16757.0
2025,Novembro,Nampula,Memba,146804.0
2025,Novembro,Nampula,Mocimboa da Praia,79796.0
2025,Novembro,Nampula,Mogincual,77655.0
2025,Novembro,Nampula,Mogovolas,165502.0
2025,Novembro,Nampula,Moma,213348.0
2025,Novembro,Nampula,Monapo,185871.0
2025,Novembro,Nampula,Montepuez,233773.0
2025,Novembro,Nampula,Mossuril,75777.0
2025,Novembro,Nampula,Muecate,72625.0
2025,Novembro,Nampula,Mueda,156035.0
2025,Novembro,Nampula,Muidumbe,30494.0
2025,Novembro,Nampula,Murrupula,103448.0
2025,Novembro,Nampula,Nacala-Velha,56205.0
2025,Novembro,Nampula,Nacaroa,72194.0
2025,Novembro,Nampula,Namapa-Erati,137430.0
2025,Novembro,Nampula,Namuno,90433.0
2025,Novembro,Nampula,Nangade,49197.0
2025,Novembro,Nampula,Palma,70000.0
2025,Novembro,Nampula,Pemba-Metuge,104589.0
2025,Novembro,Nampula,Quissanga,19705.0
2025,Novembro,Nampula,Rapale-Nampula,164033.0
2025,Novembro,Nampula,Ribaué,138212.0
2025,Novembro,Niassa,Chimbunhila,53853.0
2025,Novembro,Niassa,Cidade de Lichinga,385018.0
2025,Novembro,Niassa,Cuamba,240461.0
2025,Novembro,Niassa,Lago,83256.0
2025,Novembro,Niassa,Mandimba,128911.0
2025,Novembro,Niassa,Manjune,33710.0
2025,Novembro,Niassa,Marrupa,47958.0
2025,Novembro,Niassa,Mavago,19344.0
2025,Novembro,Niassa,Maúa,54123.0
2025,Novembro,Niassa,Mecanhelas,114343.0
2025,Novembro,Niassa,Mecula,9971.0
2025,Novembro,Niassa,Metarica,35288.0
2025,Novembro,Niassa,Muembe,33803.0
2025,Novembro,Niassa,Nipepe,26177.0
2025,Novembro,Niassa,N´gauma,38875.0
2025,Novembro,Niassa,Sanga,69723.0
2025,Novembro,Província de Maputo,Boane,436181.0
2025,Novembro,Província de Maputo,Cidade da Matola,1547686.0
2025,Novembro,Província de Maputo,Cidade de Maputo,2338990.0
2025,Novembro,Província de Maputo,Magude,55652.0
2025,Novembro,Província de Maputo,Manhiça,238922.0
2025,Novembro,Província de Maputo,Marracuene,325696.0
2025,Novembro,Província de Maputo,Matutuíne,57468.0
2025,Novembro,Província de Maputo,Moamba,159335.0
2025,Novembro,Província de Maputo,Namaacha,42478.0
2025,Novembro,Sofala,Buzi,96138.0
2025,Novembro,Sofala,Caia,177943.0
2025,Novembro,Sofala,Chemba,43258.0
2025,Novembro,Sofala,Cheringoma,43399.0
2025,Novembro,Sofala,Chibabava,66111.0
2025,Novembro,Sofala,Cidade da Beira,1048318.0
2025,Novembro,Sofala,Dondo,218119.0
2025,Novembro,Sofala,Gorongoza,130443.0
2025,Novembro,Sofala,Machanga,26709.0
2025,Novembro,Sofala,Maringue,73210.0
2025,Novembro,Sofala,Marromeu,102679.0
2025,Novembro,Sofala,Muanza,22346.0
2025,Novembro,Sofala,Nhamatanda,170820.0
2025,Novembro,Tete,Angónia,260534.0
2025,Novembro,Tete,Cahora-Bassa,116176.0
2025,Novembro,Tete,Changara,118740.0
2025,Novembro,Tete,Chifunde,39190.0
2025,Novembro,Tete,Chiuta,50936.0
2025,Novembro,Tete,Cidade de Tete,541494.0
2025,Novembro,Tete,Doa,33878.0
2025,Novembro,Tete,Macanga,90967.0
2025,Novembro,Tete,Marara,52200.0
2025,Novembro,Tete,Maravia,12540.0
2025,Novembro,Tete,Moatize,235870.0
2025,Novembro,Tete,Mutarara,61224.0
2025,Novembro,Tete,Mágoe,40603.0
2025,Novembro,Tete,Tsangano,88200.0
2025,Novembro,Tete,Zumbo,14222.0
2025,Novembro,Zambézia,Alto Molócuè,227107.0
2025,Novembro,Zambézia,Chinde,32827.0
2025,Novembro,Zambézia,Cidade de Quelimane,523303.0
2025,Novembro,Zambézia,Derre,17910.0
2025,Novembro,Zambézia,Gilé,121422.0
2025,Novembro,Zambézia,Gurúè,267885.0
2025,Novembro,Zambézia,Ile,112209.0
2025,Novembro,Zambézia,Inhassunge,42384.0
2025,Novembro,Zambézia,Luabo,18078.0
2025,Novembro,Zambézia,Lugela,101843.0
2025,Novembro,Zambézia,Maganja da Costa,119473.0
2025,Novembro,Zambézia,Milange,289269.0
2025,Novembro,Zambézia,Mocuba,348456.0
2025,Novembro,Zambézia,Mocubela,25532.0
2025,Novembro,Zambézia,Molumbo,116394.0
2025,Novembro,Zambézia,Mopeia,99038.0
2025,Novembro,Zambézia,Morrumbala,161501.0
2025,Novembro,Zambézia,Mulevala,77648.0
2025,Novembro,Zambézia,Namacurra,106046.0
2025,Novembro,Zambézia,Namarroi,73047.0
2025,Novembro,Zambézia,Nicoadala,157597.0
2025,Novembro,Zambézia,Pebane,122145.0
2025,Outubro,Gaza,Bilene-Macia,240623.0
2025,Outubro,Gaza,Chibuto,206408.0
2025,Outubro,Gaza,Chicualacuala,20359.0
2025,Outubro,Gaza,Chigubo,12017.0
2025,Outubro,Gaza,Chonguene,138405.0
2025,Outubro,Gaza,Chókwè,205700.0
2025,Outubro,Gaza,Cidade de Xai-Xai,198860.0
2025,Outubro,Gaza,Guijá,59147.0
2025,Outubro,Gaza,Limpopo,97536.0
2025,Outubro,Gaza,Mabalane,20349.0
2025,Outubro,Gaza,Manjacaze,106709.0
2025,Outubro,Gaza,Mapai,24753.0
2025,Outubro,Gaza,Massangena,11060.0
2025,Outubro,Gaza,Massingir,16551.0
2025,Outubro,Inhambane,Cidade de Inhambane,130378.0
2025,Outubro,Inhambane,Cidade de Maxixe,162721.0
2025,Outubro,Inhambane,Funhaloro,23088.0
2025,Outubro,Inhambane,Govuro,45142.0
2025,Outubro,Inhambane,Homoine,74250.0
2025,Outubro,Inhambane,Inharrime,109718.0
2025,Outubro,Inhambane,Inhassoro,64986.0
2025,Outubro,Inhambane,Jangamo,80101.0
2025,Outubro,Inhambane,Mabote,30980.0
2025,Outubro,Inhambane,Massinga,194920.0
2025,Outubro,Inhambane,Morrumbene,77727.0
2025,Outubro,Inhambane,Panda,27777.0
2025,Outubro,Inhambane,Vilankulo,137901.0
2025,Outubro,Inhambane,Zavala (Quissico),109795.0
2025,Outubro,Manica,Bárue,187402.0
2025,Outubro,Manica,Cidade de Chimoio,722652.0
2025,Outubro,Manica,Gondola,201465.0
2025,Outubro,Manica,Guro,61813.0
2025,Outubro,Manica,Macate,36281.0
2025,Outubro,Manica,Machaze,48643.0
2025,Outubro,Manica,Macossa,26276.0
2025,Outubro,Manica,Manica,227245.0
2025,Outubro,Manica,Mossurize,53852.0
2025,Outubro,Manica,Sussundenga,105606.0
2025,Outubro,Manica,Tambara,28165.0
2025,Outubro,Manica,Vanduzi,115172.0
2025,Outubro,Nampula,Ancuabe,127062.0
2025,Outubro,Nampula,Angoche,391131.0
2025,Outubro,Nampula,Balama,104038.0
2025,Outubro,Nampula,Cabo-Delgado,1651127.0
2025,Outubro,Nampula,Chiúre,173714.0
2025,Outubro,Nampula,Cidade de Nacala-Porto,533673.0
2025,Outubro,Nampula,Cidade de Nampula,1632050.0
2025,Outubro,Nampula,Cidade de Pemba,331760.0
2025,Outubro,Nampula,Ibo,11673.0
2025,Outubro,Nampula,Ilha de Moçambique,70695.0
2025,Outubro,Nampula,Lalaua,38094.0
2025,Outubro,Nampula,Larde,31780.0
2025,Outubro,Nampula,Liupo,33607.0
2025,Outubro,Nampula,Macomia,51061.0
2025,Outubro,Nampula,Malema,119143.0
2025,Outubro,Nampula,Meconta (Namialo),486414.0
2025,Outubro,Nampula,Mecuburi,84388.0
2025,Outubro,Nampula,Mecufi,26446.0
2025,Outubro,Nampula,Meluco,15929.0
2025,Outubro,Nampula,Memba,147137.0
2025,Outubro,Nampula,Mocimboa da Praia,81454.0
2025,Outubro,Nampula,Mogincual,74328.0
2025,Outubro,Nampula,Mogovolas,154627.0
2025,Outubro,Nampula,Moma,204961.0
2025,Outubro,Nampula,Monapo,178233.0
2025,Outubro,Nampula,Montepuez,228077.0
2025,Outubro,Nampula,Mossuril,73254.0
2025,Outubro,Nampula,Muecate,67630.0
2025,Outubro,Nampula,Mueda,151785.0
2025,Outubro,Nampula,Muidumbe,28851.0
2025,Outubro,Nampula,Murrupula,98527.0
2025,Outubro,Nampula,Nacala-Velha,53628.0
2025,Outubro,Nampula,Nacaroa,68452.0
2025,Outubro,Nampula,Namapa-Erati,129759.0
2025,Outubro,Nampula,Namuno,90922.0
2025,Outubro,Nampula,Nangade,45091.0
2025,Outubro,Nampula,Palma,67008.0
2025,Outubro,Nampula,Pemba-Metuge,97871.0
2025,Outubro,Nampula,Quissanga,18385.0
2025,Outubro,Nampula,Rapale-Nampula,157085.0
2025,Outubro,Nampula,Ribaué,137663.0
2025,Outubro,Niassa,Chimbunhila,54411.0
2025,Outubro,Niassa,Cidade de Lichinga,384280.0
2025,Outubro,Niassa,Cuamba,238342.0
2025,Outubro,Niassa,Lago,82244.0
2025,Outubro,Niassa,Mandimba,130003.0
2025,Outubro,Niassa,Manjune,32814.0
2025,Outubro,Niassa,Marrupa,47747.0
2025,Outubro,Niassa,Mavago,19209.0
2025,Outubro,Niassa,Maúa,53268.0
2025,Outubro,Niassa,Mecanhelas,110166.0
2025,Outubro,Niassa,Mecula,9879.0
2025,Outubro,Niassa,Metarica,35319.0
2025,Outubro,Niassa,Muembe,33925.0
2025,Outubro,Niassa,Nipepe,26570.0
2025,Outubro,Niassa,N´gauma,37370.0
2025,Outubro,Niassa,Sanga,68727.0
2025,Outubro,Província de Maputo,Boane,407418.0
2025,Outubro,Província de Maputo,Cidade da Matola,1553684.0
2025,Outubro,Província de Maputo,Cidade de Maputo,2324234.0
2025,Outubro,Província de Maputo,Magude,52762.0
2025,Outubro,Província de Maputo,Manhiça,231816.0
2025,Outubro,Província de Maputo,Marracuene,323516.0
2025,Outubro,Província de Maputo,Matutuíne,56594.0
2025,Outubro,Província de Maputo,Moamba,155750.0
2025,Outubro,Província de Maputo,Namaacha,42177.0
2025,Outubro,Sofala,Buzi,94498.0
2025,Outubro,Sofala,Caia,178345.0
2025,Outubro,Sofala,Chemba,42088.0
2025,Outubro,Sofala,Cheringoma,42074.0
2025,Outubro,Sofala,Chibabava,64987.0
2025,Outubro,Sofala,Cidade da Beira,1028156.0
2025,Outubro,Sofala,Dondo,214468.0
2025,Outubro,Sofala,Gorongoza,127898.0
2025,Outubro,Sofala,Machanga,25428.0
2025,Outubro,Sofala,Maringue,72285.0
2025,Outubro,Sofala,Marromeu,99934.0
2025,Outubro,Sofala,Muanza,22016.0
2025,Outubro,Sofala,Nhamatanda,166519.0
2025,Outubro,Tete,Angónia,255098.0
2025,Outubro,Tete,Cahora-Bassa,115644.0
2025,Outubro,Tete,Changara,113651.0
2025,Outubro,Tete,Chifunde,37860.0
2025,Outubro,Tete,Chiuta,50174.0
2025,Outubro,Tete,Cidade de Tete,540870.0
2025,Outubro,Tete,Doa,34195.0
2025,Outubro,Tete,Macanga,93796.0
2025,Outubro,Tete,Marara,50241.0
2025,Outubro,Tete,Maravia,12448.0
2025,Outubro,Tete,Moatize,224389.0
2025,Outubro,Tete,Mutarara,60588.0
2025,Outubro,Tete,Mágoe,40421.0
2025,Outubro,Tete,Tsangano,89585.0
2025,Outubro,Tete,Zumbo,13413.0
2025,Outubro,Zambézia,Alto Molócuè,229463.0
2025,Outubro,Zambézia,Chinde,32528.0
2025,Outubro,Zambézia,Cidade de Quelimane,508506.0
2025,Outubro,Zambézia,Derre,17276.0
2025,Outubro,Zambézia,Gilé,118288.0
2025,Outubro,Zambézia,Gurúè,271374.0
2025,Outubro,Zambézia,Ile,110716.0
2025,Outubro,Zambézia,Inhassunge,41236.0
2025,Outubro,Zambézia,Luabo,17308.0
2025,Outubro,Zambézia,Lugela,103305.0
2025,Outubro,Zambézia,Maganja da Costa,116973.0
2025,Outubro,Zambézia,Milange,299162.0
2025,Outubro,Zambézia,Mocuba,344193.0
2025,Outubro,Zambézia,Mocubela,24172.0
2025,Outubro,Zambézia,Molumbo,122339.0
2025,Outubro,Zambézia,Mopeia,97399.0
2025,Outubro,Zambézia,Morrumbala,160752.0
2025,Outubro,Zambézia,Mulevala,77160.0
2025,Outubro,Zambézia,Namacurra,103990.0
2025,Outubro,Zambézia,Namarroi,75110.0
2025,Outubro,Zambézia,Nicoadala,153956.0
2025,Outubro,Zambézia,Pebane,118194.0
2025,Setembro,Gaza,Bilene-Macia,236578.0
2025,Setembro,Gaza,Chibuto,197300.0
2025,Setembro,Gaza,Chicualacuala,19816.0
2025,Setembro,Gaza,Chigubo,11684.0
2025,Setembro,Gaza,Chonguene,126344.0
2025,Setembro,Gaza,Chókwè,205867.0
2025,Setembro,Gaza,Cidade de Xai-Xai,199696.0
2025,Setembro,Gaza,Guijá,57568.0
2025,Setembro,Gaza,Limpopo,92782.0
2025,Setembro,Gaza,Mabalane,19777.0
2025,Setembro,Gaza,Manjacaze,112849.0
2025,Setembro,Gaza,Mapai,24263.0
2025,Setembro,Gaza,Massangena,10753.0
2025,Setembro,Gaza,Massingir,16064.0
2025,Setembro,Inhambane,Cidade de Inhambane,141768.0
2025,Setembro,Inhambane,Cidade de Maxixe,171080.0
2025,Setembro,Inhambane,Funhaloro,22053.0
2025,Setembro,Inhambane,Govuro,44521.0
2025,Setembro,Inhambane,Homoine,68909.0
2025,Setembro,Inhambane,Inharrime,105068.0
2025,Setembro,Inhambane,Inhassoro,61964.0
2025,Setembro,Inhambane,Jangamo,73608.0
2025,Setembro,Inhambane,Mabote,30362.0
2025,Setembro,Inhambane,Massinga,186238.0
2025,Setembro,Inhambane,Morrumbene,74231.0
2025,Setembro,Inhambane,Panda,26468.0
2025,Setembro,Inhambane,Vilankulo,134972.0
2025,Setembro,Inhambane,Zavala (Quissico),103305.0
2025,Setembro,Manica,Bárue,180038.0
2025,Setembro,Manica,Cidade de Chimoio,700333.0
2025,Setembro,Manica,Gondola,198243.0
2025,Setembro,Manica,Guro,63306.0
2025,Setembro,Manica,Macate,35756.0
2025,Setembro,Manica,Machaze,46982.0
2025,Setembro,Manica,Macossa,25720.0
2025,Setembro,Manica,Manica,226997.0
2025,Setembro,Manica,Mossurize,52082.0
2025,Setembro,Manica,Sussundenga,101873.0
2025,Setembro,Manica,Tambara,27134.0
2025,Setembro,Manica,Vanduzi,109032.0
2025,Setembro,Nampula,Ancuabe,124052.0
2025,Setembro,Nampula,Angoche,389775.0
2025,Setembro,Nampula,Balama,97855.0
2025,Setembro,Nampula,Cabo-Delgado,1618814.0
2025,Setembro,Nampula,Chiúre,170873.0
2025,Setembro,Nampula,Cidade de Nacala-Porto,521384.0
2025,Setembro,Nampula,Cidade de Nampula,1560199.0
2025,Setembro,Nampula,Cidade de Pemba,344823.0
2025,Setembro,Nampula,Ibo,11269.0
2025,Setembro,Nampula,Ilha de Moçambique,75323.0
2025,Setembro,Nampula,Lalaua,36841.0
2025,Setembro,Nampula,Larde,11492.0
2025,Setembro,Nampula,Liupo,12182.0
2025,Setembro,Nampula,Macomia,49329.0
2025,Setembro,Nampula,Malema,113027.0
2025,Setembro,Nampula,Meconta (Namialo),474091.0
2025,Setembro,Nampula,Mecuburi,82110.0
2025,Setembro,Nampula,Mecufi,22527.0
2025,Setembro,Nampula,Meluco,15273.0
2025,Setembro,Nampula,Memba,140668.0
2025,Setembro,Nampula,Mocimboa da Praia,87471.0
2025,Setembro,Nampula,Mogincual,91585.0
2025,Setembro,Nampula,Mogovolas,152050.0
2025,Setembro,Nampula,Moma,218275.0
2025,Setembro,Nampula,Monapo,172127.0
2025,Setembro,Nampula,Montepuez,219012.0
2025,Setembro,Nampula,Mossuril,66306.0
2025,Setembro,Nampula,Muecate,66533.0
2025,Setembro,Nampula,Mueda,142619.0
2025,Setembro,Nampula,Muidumbe,27934.0
2025,Setembro,Nampula,Murrupula,95547.0
2025,Setembro,Nampula,Nacala-Velha,52746.0
2025,Setembro,Nampula,Nacaroa,66688.0
2025,Setembro,Nampula,Namapa-Erati,124415.0
2025,Setembro,Nampula,Namuno,90278.0
2025,Setembro,Nampula,Nangade,42711.0
2025,Setembro,Nampula,Palma,64231.0
2025,Setembro,Nampula,Pemba-Metuge,91478.0
2025,Setembro,Nampula,Quissanga,17079.0
2025,Setembro,Nampula,Rapale-Nampula,148103.0
2025,Setembro,Nampula,Ribaué,131283.0
2025,Setembro,Niassa,Chimbunhila,51250.0
2025,Setembro,Niassa,Cidade de Lichinga,376174.0
2025,Setembro,Niassa,Cuamba,233858.0
2025,Setembro,Niassa,Lago,76619.0
2025,Setembro,Niassa,Mandimba,125700.0
2025,Setembro,Niassa,Manjune,31670.0
2025,Setembro,Niassa,Marrupa,45991.0
2025,Setembro,Niassa,Mavago,17632.0
2025,Setembro,Niassa,Maúa,50624.0
2025,Setembro,Niassa,Mecanhelas,103327.0
2025,Setembro,Niassa,Mecula,9756.0
2025,Setembro,Niassa,Metarica,33447.0
2025,Setembro,Niassa,Muembe,33683.0
2025,Setembro,Niassa,Nipepe,25246.0
2025,Setembro,Niassa,N´gauma,36156.0
2025,Setembro,Niassa,Sanga,69796.0
2025,Setembro,Província de Maputo,Boane,399967.0
2025,Setembro,Província de Maputo,Cidade da Matola,1623498.0
2025,Setembro,Província de Maputo,Cidade de Maputo,2276613.0
2025,Setembro,Província de Maputo,Magude,52705.0
2025,Setembro,Província de Maputo,Manhiça,225518.0
2025,Setembro,Província de Maputo,Marracuene,314789.0
2025,Setembro,Província de Maputo,Matutuíne,52717.0
2025,Setembro,Província de Maputo,Moamba,141331.0
2025,Setembro,Província de Maputo,Namaacha,40581.0
2025,Setembro,Sofala,Buzi,91759.0
2025,Setembro,Sofala,Caia,170342.0
2025,Setembro,Sofala,Chemba,41390.0
2025,Setembro,Sofala,Cheringoma,40789.0
2025,Setembro,Sofala,Chibabava,61069.0
2025,Setembro,Sofala,Cidade da Beira,1003108.0
2025,Setembro,Sofala,Dondo,209774.0
2025,Setembro,Sofala,Gorongoza,123572.0
2025,Setembro,Sofala,Machanga,23465.0
2025,Setembro,Sofala,Maringue,69336.0
2025,Setembro,Sofala,Marromeu,99834.0
2025,Setembro,Sofala,Muanza,21778.0
2025,Setembro,Sofala,Nhamatanda,160983.0
2025,Setembro,Tete,Angónia,241248.0
2025,Setembro,Tete,Cahora-Bassa,127640.0
2025,Setembro,Tete,Changara,109878.0
2025,Setembro,Tete,Chifunde,36285.0
2025,Setembro,Tete,Chiuta,42106.0
2025,Setembro,Tete,Cidade de Tete,551421.0
2025,Setembro,Tete,Doa,32324.0
2025,Setembro,Tete,Macanga,91277.0
2025,Setembro,Tete,Marara,46053.0
2025,Setembro,Tete,Maravia,12099.0
2025,Setembro,Tete,Moatize,204959.0
2025,Setembro,Tete,Mutarara,57377.0
2025,Setembro,Tete,Mágoe,37723.0
2025,Setembro,Tete,Tsangano,89716.0
2025,Setembro,Tete,Zumbo,12520.0
2025,Setembro,Zambézia,Alto Molócuè,230645.0
2025,Setembro,Zambézia,Chinde,31200.0
2025,Setembro,Zambézia,Cidade de Quelimane,490114.0
2025,Setembro,Zambézia,Derre,16718.0
2025,Setembro,Zambézia,Gilé,113686.0
2025,Setembro,Zambézia,Gurúè,258866.0
2025,Setembro,Zambézia,Ile,102982.0
2025,Setembro,Zambézia,Inhassunge,39045.0
2025,Setembro,Zambézia,Luabo,14153.0
2025,Setembro,Zambézia,Lugela,95800.0
2025,Setembro,Zambézia,Maganja da Costa,115394.0
2025,Setembro,Zambézia,Milange,283562.0
2025,Setembro,Zambézia,Mocuba,327674.0
2025,Setembro,Zambézia,Mocubela,21706.0
2025,Setembro,Zambézia,Molumbo,114148.0
2025,Setembro,Zambézia,Mopeia,90362.0
2025,Setembro,Zambézia,Morrumbala,149705.0
2025,Setembro,Zambézia,Mulevala,76226.0
2025,Setembro,Zambézia,Namacurra,97537.0
2025,Setembro,Zambézia,Namarroi,74116.0
2025,Setembro,Zambézia,Nicoadala,144185.0
2025,Setembro,Zambézia,Pebane,114613.0
